DATE,SYMBOL,ISIN,EXCHANGE,CLOSE,DELIV_PER,DELIVERY_TURNOVER,ATW,EVER_100_DELIV,DELIV_PER_1W,DELIV_PER_1M,DELIV_PER_3M,DELIVERY_TURNOVER_1W,DELIVERY_TURNOVER_1M,DELIVERY_TURNOVER_3M,ATW_1W,ATW_1M,ATW_3M,MOMENTUM_RAW,FOOTPRINT_RAW,STABILITY_RAW,HASMOMENTUMDATA,HASFOOTPRINTDATA,HASSTABILITYHISTORY20D,MOMENTUM_SCORE,FOOTPRINT_SCORE,STABILITY_SCORE,TRIGGER_COUNT_30D,AI_SCORE,COMBINED_SCORE,SIS,Whale_Density,Implied_Trades,AI_WIN_PROBABILITY,ATR14,STOP_LOSS,TAKE_PROFIT,CHANDELIER_EXIT,REC_POS_SIZE_INR
2026-09-30,EXHICON,,BSE,525.85,92.19,40358987.5,638318.9264705882,,84.558,74.39318181818182,72.93681818181818,39656785.0,15685505.113636363,11660290.530303031,379204.7557584485,220909.51020262451,176898.57088955896,1.263970684465384,3.461233439691244,3.608389390941448,,,,0.8160919540229885,0.9195402298850575,0.9770114942528736,3,0.8264367816091953,3,0.9265989957430125,1581.602924182843,63.22699488663778,81.18341127659103,,,,,
2026-09-28,EXHICON,,BSE,525.85,92.19,40358987.5,638318.9264705882,,84.558,74.39318181818182,72.93681818181818,39656785.0,15685505.113636363,11660290.530303031,379204.7557584485,220909.51020262451,176898.57088955896,1.263970684465384,3.461233439691244,3.608389390941448,,,,0.8160919540229885,0.9195402298850575,0.9770114942528736,2,0.8597701149425286,3,0.9265989957430125,1581.602924182843,63.22699488663778,81.18341127659103,,,,,
2026-09-25,EXHICON,,BSE,525.85,92.19,40358987.5,638318.9264705882,,84.558,74.39318181818182,72.93681818181818,39656785.0,15685505.113636363,11660290.530303031,379204.7557584485,220909.51020262451,176898.57088955896,1.263970684465384,3.461233439691244,3.608389390941448,,,,0.8160919540229885,0.9195402298850575,0.9770114942528736,1,0.9597701149425286,3,0.9265989957430125,1581.602924182843,63.22699488663778,81.18341127659103,,,,,
2026-09-08,GNFC,,NSE,604.4,66.75,392919835.6,29221.940350402987,,46.622,47.07590909090909,48.67378787878788,341010610.16,268668062.6568182,169924396.12121215,23332.66808255728,21774.09399178852,17344.81010944453,1.3713746743160249,2.3123215063228386,1.6847656541648253,,,,0.8793103448275862,0.8563218390804598,0.9022988505747126,2,0.8149425287356321,2,0.8838011419856582,7.437125261385757,13446.055631093006,82.50442176869043,21.242850167410715,561.9142996651785,689.3714006696429,,100000.0
2026-09-07,GNFC,,NSE,604.4,66.75,392919835.6,29221.940350402987,,46.622,47.07590909090909,48.67378787878788,341010610.16,268668062.6568182,169924396.12121215,23332.66808255728,21774.09399178852,17344.81010944453,1.3713746743160249,2.3123215063228386,1.6847656541648253,,,,0.8793103448275862,0.8563218390804598,0.9022988505747126,1,0.9149425287356321,2,0.8838011419856582,7.437125261385757,13446.055631093006,82.50442176869043,21.242850167410715,561.9142996651785,689.3714006696429,,100000.0
2026-08-28,PRARUH,,BSE,188.8,100.0,20768000.0,423018.3673469388,,100.0,100.0,95.80939393939394,7913740.0,8784515.454545455,4476244.545454546,342755.7244607244,336119.8469849962,235229.74426685332,1.0437389893443738,4.639603531288098,1.798320057972988,,,,0.5402298850574713,0.9655172413793104,0.9195402298850575,1,0.9022988505747127,2,0.8499448253211856,2036.875805792271,49.09479493822336,76.200204900308,,,,,
2026-09-29,ORGANICREC,,BSE,207.45,42.73,8775135.0,184862.47706422015,,55.276,32.27363636363636,23.706969696969697,11536146.0,5068613.863636363,3705221.590909091,242556.9742104031,182881.7683717916,170786.50742646836,1.8024235297125253,2.3683158441940813,1.0824185109810982,,,,0.9885057471264368,0.8735632183908046,0.7471264367816092,1,0.8344827586206895,3,0.830914412304133,2106.6624851266693,47.468448650893976,63.60629429920917,,,,,
2026-08-20,NATFIT,,BSE,328.0,100.0,13613312.0,51582.431818181816,,100.0,90.325,88.89954545454543,6371666.790000001,9613446.831818182,5054505.65,33895.1999026125,46205.81187785007,35254.822914681194,1.1248651440083037,2.693302360835228,1.4631312130829426,,,,0.6666666666666666,0.8850574712643678,0.8390804597701149,1,0.8586206896551725,3,0.8166342318019844,378.91169921163794,263.91373031780114,36.95525230759076,,,,,
2026-08-21,ACESOFT,,BSE,200.25,100.0,13463608.5,45181.00343642612,,100.0,100.0,81.47439393939393,10500511.55,7690487.995454544,7479655.909090909,43220.04502281069,38452.54419956887,31427.099944255744,1.2273794890010061,1.8000304644543992,1.4376446925286315,,,,0.7701149425287356,0.8160919540229885,0.8275862068965517,1,0.8551724137931034,2,0.812510703024726,335.5787078659196,297.9926844463415,41.471276566051706,,,,,
2026-09-28,KABRAEXTRU,,NSE,805.55,63.6,113444800.95,16874.81044467425,,53.5,44.59318181818181,41.68272727272728,200047804.84,107345294.4181818,75169195.29893939,36490.6793721743,21272.80303986421,15828.507688506235,1.5258118688796318,1.5091927018620175,1.0661024258735257,,,,0.9482758620689655,0.764367816091954,0.7298850574712644,2,0.7091954022988506,2,0.782031808740719,14.87490859286862,6722.730386924351,38.19128824886022,47.189296177455354,711.1714076450893,994.3071847098214,,100000.0
2026-09-25,KABRAEXTRU,,NSE,805.55,63.6,113444800.95,16874.81044467425,,53.5,44.59318181818181,41.68272727272728,200047804.84,107345294.4181818,75169195.29893939,36490.6793721743,21272.80303986421,15828.507688506235,1.5258118688796318,1.5091927018620175,1.0661024258735257,,,,0.9482758620689655,0.764367816091954,0.7298850574712644,1,0.8091954022988506,2,0.782031808740719,14.87490859286862,6722.730386924351,38.19128824886022,47.189296177455354,711.1714076450893,994.3071847098214,,100000.0
2026-08-26,EMAMILTD,,NSE,379.05,64.83,477460098.15,20089.044462785118,,53.81,54.28,57.02287878787879,521701496.4,477521854.9363636,276657870.0583333,18819.85808473689,20150.58396797532,16860.377584817525,1.1369120847294147,1.7258142631161282,1.1914943400125837,,,,0.6954022988505747,0.7988505747126436,0.764367816091954,1,0.8080459770114943,0,0.7605470823784191,4.207481324748083,23767.188082762874,47.62912815452075,12.339285714285714,354.37142857142857,428.40714285714284,,100000.0
2026-09-10,EMAMILTD,,NSE,379.05,64.83,477460098.15,20089.044462785118,,53.81,54.28,57.02287878787879,521701496.4,477521854.9363636,276657870.0583333,18819.85808473689,20150.58396797532,16860.377584817525,1.1369120847294147,1.7258142631161282,1.1914943400125837,,,,0.6954022988505747,0.7988505747126436,0.764367816091954,2,0.7080459770114942,0,0.7605470823784191,4.207481324748083,23767.188082762874,47.62912815452075,12.339285714285714,354.37142857142857,428.40714285714284,,100000.0
2026-08-31,SPICELOUNG,,BSE,29.36,100.0,3885766.64,20029.72164948453,,100.0,67.21136363636364,68.08696969696969,1217854.332,12723582.72,6302336.112878786,10060.58786001775,20044.29265337407,12007.156244986298,1.4687098051956724,0.6165597280759842,1.6681486640809002,,,,0.9252873563218391,0.47701149425287354,0.8793103448275862,2,0.7678160919540229,1,0.756764417666898,515.4638326269776,194.000031952516,49.24966145731811,,,,,
2026-08-27,SPICELOUNG,,BSE,29.36,100.0,3885766.64,20029.72164948453,,100.0,67.21136363636364,68.08696969696969,1217854.332,12723582.72,6302336.112878786,10060.58786001775,20044.29265337407,12007.156244986298,1.4687098051956724,0.6165597280759842,1.6681486640809002,,,,0.9252873563218391,0.47701149425287354,0.8793103448275862,1,0.867816091954023,1,0.756764417666898,515.4638326269776,194.000031952516,49.24966145731811,,,,,
2026-08-20,WINDMACHIN,,NSE,300.2,62.6,21208529.6,20950.673014888336,,58.992,58.94545454545455,56.15772727272728,14942093.39,16424888.3,20867469.726515148,19023.244731796145,16046.50789448367,14082.380678062364,1.1147174759403302,1.0163440933642034,1.4877223882695807,,,,0.6436781609195402,0.6551724137931034,0.8505747126436781,1,0.8402298850574712,3,0.7477110839000503,98.78418452398668,1012.3077948344868,34.328207553188676,10.692855834960938,278.8142883300781,342.97142333984374,,100000.0
2026-09-21,GGAUTO,,BSE,228.2,75.28,4500104.0,15404.407792207792,,69.40799999999999,84.51863636363636,80.36833333333335,2681102.8200000003,2454836.881818182,1646371.8007575758,12196.028314352863,12309.23499543363,10024.11957198881,0.9366873353932932,2.7333461359878024,1.5367342420030132,,,,0.28735632183908044,0.896551724137931,0.8620689655172413,1,0.8356321839080458,2,0.7391099604788065,342.3122619434527,292.130931659466,41.18976759482062,,,,,
2026-09-09,BLUESTARCO,,NSE,1518.0,45.57,425839986.0,31120.222024760384,,37.932,44.34272727272728,44.26469696969697,452298064.34,446577628.4863636,360711616.80757576,30391.816384152444,28543.11881931019,25526.30032673601,1.029488579379559,1.1805552307098761,1.2191434570001258,,,,0.5172413793103449,0.7126436781609196,0.7931034482758621,1,0.7988505747126438,1,0.7104631148944498,7.307961452159258,13683.706551360276,63.17968585433887,46.928553989955354,1424.1428920200892,1705.7142159598213,,100000.0
2026-09-16,ALKEM,,NSE,5163.5,63.35,479430975.0,38042.51508696306,,44.806,59.27181818181818,55.69651515151516,328794806.4,492907219.9318182,458643759.8560606,32408.47149300048,45355.384272596326,39119.708080598844,1.137414070299812,1.0453232267903594,0.9724641863017887,,,,0.7183908045977011,0.6954022988505747,0.6954022988505747,1,0.7586206896551724,0,0.6999752642845585,7.9349305886969566,12602.50469518242,62.41230211843833,133.28571428571428,4896.928571428572,5696.642857142857,,100000.0
2026-09-18,ALKEM,,NSE,5163.5,63.35,479430975.0,38042.51508696306,,44.806,59.27181818181818,55.69651515151516,328794806.4,492907219.9318182,458643759.8560606,32408.47149300048,45355.384272596326,39119.708080598844,1.137414070299812,1.0453232267903594,0.9724641863017887,,,,0.7183908045977011,0.6954022988505747,0.6954022988505747,2,0.6586206896551724,0,0.6999752642845585,7.9349305886969566,12602.50469518242,62.41230211843833,133.28571428571428,4896.928571428572,5696.642857142857,,100000.0
2026-08-20,STEELCAS,,NSE,377.2,48.15,30847416.0,12267.943100790131,,46.22,51.25090909090909,49.97363636363636,56451246.49,30105254.875,22046189.74242424,11225.169342261435,9618.991814653253,10129.675109955357,0.9635080315075222,1.399217568224012,1.2110894937522036,,,,0.3448275862068966,0.7471264367816092,0.7816091954022989,1,0.7781609195402299,2,0.6743137553319667,39.769759323731144,2514.4733511205504,22.015392999950055,17.960710797991073,341.2785784040178,449.04284319196427,,100000.0
2026-09-29,DLF,,NSE,674.0,62.38,2451176240.0,37736.22811579452,,53.022000000000006,52.74863636363637,47.64060606060605,1340066786.6799998,1388943949.0068183,1319012982.9386363,49353.88503087282,49406.69187061237,46566.16660744912,1.3093872047018715,1.858341253426491,0.8103786690003791,,,,0.8620689655172413,0.8275862068965517,0.5172413793103449,1,0.6793103448275862,2,0.6714363897257405,1.5395150907547357,64955.517877369915,70.69728452371933,17.007145472935267,639.9857090541294,742.028581891741,,100000.0
2026-09-16,DRAGARWQ,,NSE,5130.0,67.09,7674480.0,17775.713395638628,,68.188,65.16363636363639,64.88530303030304,8464738.9,7533286.5,4874368.315151515,22386.85286826095,22847.77020173135,18574.13626769121,1.0339783720924802,1.5744563200414299,0.9570142664754,,,,0.5287356321839081,0.7816091954022989,0.6666666666666666,1,0.7310344827586206,2,0.6712237011525508,231.62107915635494,431.73963425192136,37.36815825962519,,,,,
2026-08-27,ETERNAL,,NSE,320.0,65.57,6053064960.0,52598.976050496654,,64.04400000000001,59.23500000000001,55.1930303030303,4674840368.54,7113357920.575001,5911126970.834849,41999.80915798874,59291.49210514764,57554.465526123815,1.1880123203961852,1.0240120014111462,0.9138991313649176,,,,0.7471264367816092,0.6666666666666666,0.632183908045977,1,0.7206896551724138,1,0.6649608956183091,0.8689643411739737,115079.52082924331,76.6187241632879,8.200001307896205,303.5999973842076,352.8000052315848,,100000.0
2026-08-31,RELIGARE,,NSE,228.91,51.76,127641360.55,24613.165507661888,,59.602,55.48636363636364,55.74257575757576,102767714.612,178051046.80909088,140235943.89363635,16868.287879728763,17624.091115785126,17496.732442121618,0.9285541490781487,0.9101900483289158,1.4067292615396103,,,,0.27586206896551724,0.632183908045977,0.8160919540229885,1,0.7804597701149425,2,0.6389299434913163,19.28306420552479,5185.897787518075,26.726686854429598,6.991430010114398,214.9271399797712,256.87572004045757,,100000.0
2026-09-10,GESHIP,,NSE,1560.0,45.27,662564760.0,23656.20866789204,,45.03,51.22772727272727,48.07030303030303,730183537.5200001,691936127.1136363,526031528.3772726,27827.17671363795,26780.049019681643,23490.658275951377,0.9417456755257452,1.2595533238167524,1.0070474990524274,,,,0.3103448275862069,0.735632183908046,0.7126436781609196,1,0.7321839080459771,0,0.6298511229625487,3.5703994682560594,28008.070494376472,55.540175993125864,38.678562709263396,1482.6428745814733,1714.7142508370537,,100000.0
2026-09-09,JOJO,,BSE,225.6,100.0,2163052.8,53059.78048780488,,100.0,94.59772727272728,79.00424242424243,7487003.620000002,13705458.07272727,9510022.990151515,60060.97903963076,75241.77768676785,42723.92979893841,1.2657548117860948,0.22744979714981087,1.2419218161229002,,,,0.8390804597701149,0.26436781609195403,0.8045977011494253,1,0.7931034482758621,1,0.6280673830506598,2453.004405986062,40.76633525645946,67.61863714248582,,,,,
2026-09-08,BHARATFORG,,NSE,1926.0,59.22,1208135502.0,40281.27198902227,,58.022000000000006,54.815909090909095,52.85181818181819,975828097.44,1043613860.7772728,1222719258.2272727,43238.61509341595,46831.54772627162,48594.05077817624,1.1204912534186489,0.9880726862449057,0.8289342284490663,,,,0.6551724137931034,0.6436781609195402,0.5402298850574713,1,0.6540229885057471,2,0.5933326521496833,3.334168387762706,29992.486392417035,50.05193718345205,47.721444266183035,1830.5571114676338,2116.8857770647323,,100000.0
2026-08-21,BIL,,NSE,995.1,69.8,4926740.100000001,16032.705555555556,,70.846,62.355,71.10333333333334,4116297.71,11809098.154545454,7176578.505303031,11310.819384755789,15688.74663371624,17355.66251095985,0.9816698701420467,0.6865026413853699,0.9237737565725961,,,,0.40804597701149425,0.5574712643678161,0.6494252873563219,1,0.6862068965517241,2,0.5707812342615264,325.42219053843644,307.29311923855647,30.58761855054607,,,,,
2026-08-26,DECCANCE,,NSE,566.5,29.38,17117364.0,13838.157508896797,,63.152,62.33,63.83060606060606,6119787.98,9645804.288636364,8212314.040151515,12323.787183192537,17844.719899784017,15771.217870079734,0.4602807620548706,2.0843533158023497,0.8774311294722374,,,,0.12643678160919541,0.8390804597701149,0.5977011494252874,1,0.6551724137931034,2,0.554065636549022,80.8428068065667,1236.96843232164,16.472910859797246,21.921672058536412,522.6566558829272,654.1866882341457,,100000.0
2026-08-26,APTUS,,NSE,232.53,58.39,249673041.72,9838.678249421891,,59.34000000000001,60.186818181818175,57.678636363636365,318148267.612,244669563.4368182,202960838.93803036,12944.447460961426,11784.781967738132,12433.163740024973,1.0123332256310436,1.230153772650852,0.7913253983577095,,,,0.4942528735632184,0.7241379310344828,0.47126436781609193,1,0.6045977011494252,1,0.5477534487127953,3.9406249796306168,25376.685301673573,50.89239783671437,7.636429922921317,217.25714015415736,263.07571969168526,,100000.0
2026-09-22,MAXIMUS,,BSE,14.99,69.71,493965.47,7118.377551020408,,76.98600000000002,76.15272727272726,77.01181818181819,763407.8,1137852.206363636,728389.6863636363,7448.869837146721,10875.41647391847,7425.616863992395,0.905185744808943,0.6781609888877477,0.9586244054063948,,,,0.25287356321839083,0.5402298850574713,0.6781609195402298,1,0.6862068965517241,1,0.542673127317852,1441.0678444832201,69.39298547450477,70.05271162700015,,,,,
2026-09-11,IBULLSLTD,,NSE,29.61,59.1,135680452.10999998,18402.5350548064,,62.804,61.76818181818181,58.09818181818181,238843584.242,307605028.6390909,210218831.9072728,24048.59954184635,24915.1427703914,21474.00156500833,1.017243537585279,0.6454248217393218,0.8569681341922387,,,,0.5057471264367817,0.4942528735632184,0.5862068965517241,1,0.6517241379310346,1,0.5419047822191374,13.563143967037304,7372.921812452289,27.87293360969809,1.419285774230957,26.771428451538085,35.28714309692383,,100000.0
2026-08-25,SHUKRAPHAR,,NSE,62.09,31.47,117990185.81,10751.886491828747,,31.890000000000004,41.26863636363637,50.85833333333333,80816616.352,68728134.93954545,32744434.88863637,13075.43647784321,16515.278423072818,13493.442780611658,0.6187776503359004,3.6033660746103555,0.7968230692968754,,,,0.13793103448275862,0.9425287356321839,0.4942528735632184,1,0.6045977011494252,1,0.5308952439927348,9.112526112250173,10973.905453677413,44.9556713495554,2.694828300856756,56.70034339828649,72.86931320342703,,100000.0
2026-09-02,AKUMS,,NSE,818.5,52.87,85064249.5,10299.27960820657,,51.564,52.94409090909091,52.321969696969695,97097538.48,136018383.53636363,128228801.375,11128.35889677646,13138.118782807036,12467.821735462734,1.010474190979512,0.6633786527508201,0.8260688857069483,,,,0.4827586206896552,0.5057471264367817,0.5287356321839081,1,0.6160919540229886,0,0.512536621647093,12.107647653091409,8259.24265928463,38.71719763419598,27.092851911272323,764.3142961774554,926.8714076450893,,100000.0
2026-09-16,GUJAPOLLO,,NSE,330.0,60.54,2549250.0,7624.965272727272,,65.728,70.10772727272727,70.13060606060606,2371221.53,4680345.372727274,3119435.840151516,5607.758096777915,12162.629502524978,8957.68751359499,0.8632464967960213,0.8172150769019115,0.8512202799165455,,,,0.21839080459770116,0.6206896551724138,0.5747126436781609,1,0.628735632183908,0,0.5089259859833264,299.10621840648315,334.329391521044,31.610668264574493,15.015687124357223,299.9686257512856,390.0627484974289,,100000.0
2026-08-27,LAURUSLABS,,NSE,1980.0,53.35,1476781020.0,60645.94250766536,,53.658,54.03454545454545,53.33742424242424,1669406186.7800002,3931383059.386364,2759763739.284848,62714.45307466919,86894.85650658955,72709.95669354303,1.0002357773693495,0.5351113934059754,0.8340803002163112,,,,0.46551724137931033,0.4425287356321839,0.5574712643678161,1,0.6252873563218391,0,0.5036458143203846,4.106630684328904,24350.86271127441,50.08929854662827,47.371451241629465,1885.2570975167412,2169.4858049665177,,100000.0
2026-09-08,MGEL,,NSE,15.89,72.47,2706956.8400000003,8093.760668103449,,80.764,75.16318181818183,65.27833333333332,27354824.886,29124754.58545454,12193680.311060606,26306.76093421108,18363.366077879808,8952.488543360372,1.1101692751551053,0.22199670410783054,0.9040794220402772,,,,0.6149425287356322,0.2471264367816092,0.6149425287356322,1,0.6551724137931034,1,0.494455872011041,298.99851185301674,334.4498251187234,31.610668264574493,0.609285831451416,14.671428337097169,18.327143325805665,,100000.0
