event_key,event_type,engine,symbol,entry_date,entry_price,exit_date,exit_price,stop_loss,take_profit,pnl_pct,detected_at,lag_days,priority,notified_whatsapp,notified_ntfy,notified_email
ALPHA_MARKUPS|JBCHEPHARM|2026-07-15|SUSPENDED,EXIT_SUSPENDED,ALPHA_MARKUPS,JBCHEPHARM,2026-07-15,2506.0,2026-08-14,2506.0,2407.271484375,2703.45703125,0.0,2026-09-25 23:14:57,42,low,False,False,False
ALPHA_MARKUPS|ASHIKA|2026-07-20|HIT_TP,EXIT_TP,ALPHA_MARKUPS,ASHIKA,2026-07-20,399.7000122070313,2026-07-28,437.2000732421875,380.9499816894531,437.2000732421875,9.38,2026-09-25 23:14:57,59,high,False,False,False
ALPHA_MARKUPS|SMCGLOBAL|2026-08-05|MOMENTUM_LOST,EXIT_MOMENTUM,ALPHA_MARKUPS,SMCGLOBAL,2026-08-05,79.80000305175781,2026-08-17,80.41000366210938,72.65000479561942,94.0999995640346,0.76,2026-09-25 23:14:57,39,default,False,False,False
ALPHA_MARKUPS|ETERNAL|2026-07-15|HIT_SL,EXIT_SL,ALPHA_MARKUPS,ETERNAL,2026-07-15,294.79998779296875,2026-07-22,277.4714093889509,277.4714093889509,329.4571446010045,-5.88,2026-09-25 23:14:57,65,high,False,False,False
ALPHA_MARKUPS|ETERNAL|2026-07-14|HIT_TP,EXIT_TP,ALPHA_MARKUPS,ETERNAL,2026-07-14,286.1499938964844,2026-08-06,318.40714372907365,270.0214189801897,318.40714372907365,11.27,2026-09-25 23:14:57,50,high,False,False,False
ALPHA_MARKUPS|RECLTD|2026-08-13|MOMENTUM_LOST,EXIT_MOMENTUM,ALPHA_MARKUPS,RECLTD,2026-08-13,344.9499816894531,2026-08-18,338.5,328.1680122058997,378.51392065656006,-1.87,2026-09-25 23:14:57,38,default,False,False,False
ALPHA_MARKUPS|STYLEBAAZA|2026-08-11|HIT_TP,EXIT_TP,ALPHA_MARKUPS,STYLEBAAZA,2026-08-11,353.45001220703125,2026-08-19,407.0500139508928,326.65001133510043,407.0500139508928,15.16,2026-09-25 23:14:57,37,high,False,False,False
ALPHA_MARKUPS|SUDARSCHEM|2026-08-06|HIT_SL,EXIT_SL,ALPHA_MARKUPS,SUDARSCHEM,2026-08-06,1110.638671875,2026-08-13,1028.1571365154657,1028.1571365154657,1275.6017425940686,-7.43,2026-09-25 23:14:57,43,high,False,False,False
ALPHA_MARKUPS|JPOLYINVST|2026-08-13|HIT_SL,EXIT_SL,ALPHA_MARKUPS,JPOLYINVST,2026-08-13,1063.0999755859375,2026-08-14,998.6856863839286,998.6856863839286,1191.9285539899554,-6.06,2026-09-25 23:14:57,42,high,False,False,False
ALPHA_MARKUPS|MANORAMA|2026-07-06|HIT_TP,EXIT_TP,ALPHA_MARKUPS,MANORAMA,2026-07-06,1575.9000244140625,2026-08-14,1795.0714808872767,1466.3142961774554,1795.0714808872767,13.91,2026-09-25 23:14:57,42,high,False,False,False
ALPHA_MARKUPS|MANORAMA|2026-07-01|HIT_TP,EXIT_TP,ALPHA_MARKUPS,MANORAMA,2026-07-01,1565.0,2026-08-14,1788.5714634486608,1453.2142682756696,1788.5714634486608,14.29,2026-09-25 23:14:57,42,high,False,False,False
ALPHA_MARKUPS|PAYTM|2026-08-07|HIT_TP,EXIT_TP,ALPHA_MARKUPS,PAYTM,2026-08-07,1441.5999755859375,2026-08-11,1632.6857038225446,1346.0571114676338,1632.6857038225446,13.26,2026-09-25 23:14:57,45,high,False,False,False
ALPHA_MARKUPS|JSWCEMENT|2026-07-17|HIT_SL,EXIT_SL,ALPHA_MARKUPS,JSWCEMENT,2026-07-17,139.92999267578125,2026-07-23,133.68038577131034,133.68038577131034,152.42920648472307,-4.47,2026-09-25 23:14:57,64,high,False,False,False
ALPHA_MARKUPS|JSWCEMENT|2026-07-21|HIT_SL,EXIT_SL,ALPHA_MARKUPS,JSWCEMENT,2026-07-21,140.97000122070312,2026-07-23,134.7117630698508,134.7117630698508,153.48647752240777,-4.44,2026-09-25 23:14:57,64,high,False,False,False
ALPHA_MARKUPS|PAGEIND|2026-07-08|HIT_SL,EXIT_SL,ALPHA_MARKUPS,PAGEIND,2026-07-08,41415.0,2026-08-10,39105.71428571428,39105.71428571428,46033.57142857143,-5.58,2026-09-25 23:14:57,46,high,False,False,False
ALPHA_MARKUPS|ANANTRAJ|2026-07-31|MOMENTUM_LOST,EXIT_MOMENTUM,ALPHA_MARKUPS,ANANTRAJ,2026-07-31,624.5,2026-08-18,627.0499877929688,582.0569835120535,709.386032975893,0.41,2026-09-25 23:14:57,38,default,False,False,False
ALPHA_MARKUPS|ANANTRAJ|2026-07-30|MOMENTUM_LOST,EXIT_MOMENTUM,ALPHA_MARKUPS,ANANTRAJ,2026-07-30,608.5999755859375,2026-08-18,627.0499877929688,566.8257596333831,692.1484074910462,3.03,2026-09-25 23:14:57,38,default,False,False,False
ALPHA_MARKUPS|HINDPETRO|2026-08-12|MOMENTUM_LOST,EXIT_MOMENTUM,ALPHA_MARKUPS,HINDPETRO,2026-08-12,370.89208984375,2026-08-17,371.0,355.3703295507261,401.9356104297978,0.03,2026-09-25 23:14:57,39,default,False,False,False
ALPHA_MARKUPS|HINDPETRO|2026-08-13|MOMENTUM_LOST,EXIT_MOMENTUM,ALPHA_MARKUPS,HINDPETRO,2026-08-13,373.6499938964844,2026-08-17,371.0,359.3645416937261,402.2208983020009,-0.71,2026-09-25 23:14:57,39,default,False,False,False
ALPHA_MARKUPS|OFSS|2026-07-20|HIT_SL,EXIT_SL,ALPHA_MARKUPS,OFSS,2026-07-20,11620.0,2026-07-22,10877.714285714286,10877.714285714286,13104.57142857143,-6.39,2026-09-25 23:14:57,65,high,False,False,False
ALPHA_MARKUPS|IPCALAB|2026-07-21|HIT_SL,EXIT_SL,ALPHA_MARKUPS,IPCALAB,2026-07-21,1792.7757568359375,2026-08-10,1674.5576071783055,1674.5576071783055,2029.2120561512008,-6.59,2026-09-25 23:14:57,46,high,False,False,False
ALPHA_MARKUPS|DLF|2026-07-16|MOMENTUM_LOST,EXIT_MOMENTUM,ALPHA_MARKUPS,DLF,2026-07-16,640.0640258789062,2026-08-14,665.0,595.3962513482666,729.3995749401856,3.9,2026-09-25 23:14:57,42,default,False,False,False
ALPHA_MARKUPS|DLF|2026-07-13|HIT_SL,EXIT_SL,ALPHA_MARKUPS,DLF,2026-07-13,673.8893432617188,2026-07-23,633.5670123764382,633.5670123764382,754.5340050322797,-5.98,2026-09-25 23:14:57,64,high,False,False,False
ALPHA_MARKUPS|DLF|2026-07-07|MOMENTUM_LOST,EXIT_MOMENTUM,ALPHA_MARKUPS,DLF,2026-07-07,643.0267944335938,2026-08-14,665.0,609.0180613545759,711.0442605916295,3.42,2026-09-25 23:14:57,42,default,False,False,False
ALPHA_MARKUPS|GMRAIRPORT|2026-07-03|HIT_SL,EXIT_SL,ALPHA_MARKUPS,GMRAIRPORT,2026-07-03,112.8000030517578,2026-07-23,107.5242898123605,107.5242898123605,123.35142953055244,-4.68,2026-09-25 23:14:57,64,high,False,False,False
ALPHA_MARKUPS|KNAGRI|2026-08-17|MOMENTUM_LOST,EXIT_MOMENTUM,ALPHA_MARKUPS,KNAGRI,2026-08-17,216.19000244140625,2026-08-18,212.8000030517578,198.77000863211487,251.02999005998885,-1.57,2026-09-25 23:14:57,38,default,False,False,False
ALPHA_MARKUPS|MOCAPITAL|2026-08-17|MOMENTUM_LOST,EXIT_MOMENTUM,ALPHA_MARKUPS,MOCAPITAL,2026-08-17,53.59999847412109,2026-08-18,53.36000061035156,51.40857097080776,57.98285348074777,-0.45,2026-09-25 23:14:57,38,default,False,False,False
ALPHA_MARKUPS|RPPINFRA|2026-08-17|MOMENTUM_LOST,EXIT_MOMENTUM,ALPHA_MARKUPS,RPPINFRA,2026-08-17,58.34999847412109,2026-08-18,57.5099983215332,52.73713956560408,69.57571629115513,-1.44,2026-09-25 23:14:57,38,default,False,False,False
ALPHA_MARKUPS|RPPINFRA|2026-08-07|MOMENTUM_LOST,EXIT_MOMENTUM,ALPHA_MARKUPS,RPPINFRA,2026-08-07,57.86000061035156,2026-08-18,57.5099983215332,53.32285799298968,66.93428584507534,-0.6,2026-09-25 23:14:57,38,default,False,False,False
ALPHA_MARKUPS|RPPINFRA|2026-08-11|MOMENTUM_LOST,EXIT_MOMENTUM,ALPHA_MARKUPS,RPPINFRA,2026-08-11,58.560001373291016,2026-08-18,57.5099983215332,53.61571502685547,68.44857406616211,-1.79,2026-09-25 23:14:57,38,default,False,False,False
ALPHA_MARKUPS|RPPINFRA|2026-08-12|MOMENTUM_LOST,EXIT_MOMENTUM,ALPHA_MARKUPS,RPPINFRA,2026-08-12,58.77999877929688,2026-08-18,57.5099983215332,53.77285494123186,68.7942864554269,-2.16,2026-09-25 23:14:57,38,default,False,False,False
ALPHA_MARKUPS|CEMPRO|2026-07-02|HIT_TP,EXIT_TP,ALPHA_MARKUPS,CEMPRO,2026-07-02,1431.4000244140625,2026-07-21,1649.0857456752233,1322.557163783482,1649.0857456752233,15.21,2026-09-25 23:14:57,66,high,False,False,False
ALPHA_MARKUPS|CEMPRO|2026-07-06|HIT_SL,EXIT_SL,ALPHA_MARKUPS,CEMPRO,2026-07-06,1521.4000244140625,2026-07-27,1406.6428745814733,1406.6428745814733,1750.9143240792412,-7.54,2026-09-25 23:14:57,60,high,False,False,False
ALPHA_MARKUPS|CEMPRO|2026-07-20|HIT_SL,EXIT_SL,ALPHA_MARKUPS,CEMPRO,2026-07-20,1627.0,2026-07-24,1481.6857038225446,1481.6857038225446,1917.6285923549108,-8.93,2026-09-25 23:14:57,63,high,False,False,False
ALPHA_MARKUPS|ENDURANCE|2026-07-15|HIT_SL,EXIT_SL,ALPHA_MARKUPS,ENDURANCE,2026-07-15,2734.938232421875,2026-07-24,2583.1204998911903,2583.1204998911903,3038.573697483245,-5.55,2026-09-25 23:14:57,63,high,False,False,False
ALPHA_MARKUPS|ICICIPRULI|2026-08-06|MOMENTUM_LOST,EXIT_MOMENTUM,ALPHA_MARKUPS,ICICIPRULI,2026-08-06,507.0,2026-08-18,498.2000122070313,488.0,545.0,-1.74,2026-09-25 23:14:57,38,default,False,False,False
ALPHA_MARKUPS|INDUSTOWER|2026-07-07|MOMENTUM_LOST,EXIT_MOMENTUM,ALPHA_MARKUPS,INDUSTOWER,2026-07-07,368.9160461425781,2026-08-18,372.3999938964844,351.5688959442323,403.6103465392698,0.94,2026-09-25 23:14:57,38,default,False,False,False
ALPHA_MARKUPS|TORNTPHARM|2026-07-13|HIT_SL,EXIT_SL,ALPHA_MARKUPS,TORNTPHARM,2026-07-13,4951.10009765625,2026-07-17,4755.600027901785,4755.600027901785,5342.100237165178,-3.95,2026-09-25 23:14:57,70,high,False,False,False
ALPHA_MARKUPS|TORNTPHARM|2026-07-16|HIT_SL,EXIT_SL,ALPHA_MARKUPS,TORNTPHARM,2026-07-16,4987.60009765625,2026-07-17,4744.728655133928,4744.728655133928,5473.342982700893,-4.87,2026-09-25 23:14:57,70,high,False,False,False
ALPHA_MARKUPS|PHOENIXLTD|2026-07-07|HIT_SL,EXIT_SL,ALPHA_MARKUPS,PHOENIXLTD,2026-07-07,2075.10009765625,2026-07-29,1966.085832868304,1966.085832868304,2293.1286272321427,-5.25,2026-09-25 23:14:57,58,high,False,False,False
ALPHA_MARKUPS|SOFTTECH|2026-08-18|MOMENTUM_LOST,EXIT_MOMENTUM,ALPHA_MARKUPS,SOFTTECH,2026-08-18,413.3999938964844,2026-08-19,421.4500122070313,382.6571350097656,474.8857116699219,1.95,2026-09-25 23:14:57,37,default,False,False,False
ALPHA_MARKUPS|STYLEBAAZA|2026-08-18|MOMENTUM_LOST,EXIT_MOMENTUM,ALPHA_MARKUPS,STYLEBAAZA,2026-08-18,402.6499938964844,2026-08-31,400.8500061035156,371.92142159598217,464.1071384974889,-0.45,2026-09-25 23:14:57,25,default,False,False,False
ALPHA_MARKUPS|PFIZER|2026-08-17|MOMENTUM_LOST,EXIT_MOMENTUM,ALPHA_MARKUPS,PFIZER,2026-08-17,4829.10009765625,2026-08-27,4740.39990234375,4606.742885044643,5273.814522879465,-1.84,2026-09-25 23:14:57,29,default,False,False,False
ALPHA_MARKUPS|EMIL|2026-07-31|HIT_TP,EXIT_TP,ALPHA_MARKUPS,EMIL,2026-07-31,130.16000366210938,2026-08-06,151.90858241489954,119.28571428571428,151.90858241489954,16.71,2026-09-25 23:14:57,50,high,False,False,False
ALPHA_MARKUPS|ANTHEM|2026-07-22|HIT_TP,EXIT_TP,ALPHA_MARKUPS,ANTHEM,2026-07-22,778.9000244140625,2026-08-10,859.900042,738.4000156947544,859.9000418526786,10.4,2026-09-25 23:14:57,46,high,False,False,False
ALPHA_MARKUPS|BAJAJFINSV|2026-07-14|HIT_TP,EXIT_TP,ALPHA_MARKUPS,BAJAJFINSV,2026-07-14,1869.199951171875,2026-08-03,2037.2700993267167,1785.1648770944537,2037.2700993267167,8.99,2026-09-25 23:14:57,53,high,False,False,False
ALPHA_MARKUPS|HCG|2026-07-21|HIT_TP,EXIT_TP,ALPHA_MARKUPS,HCG,2026-07-21,661.25,2026-08-11,750.8642578125,616.44287109375,750.8642578125,13.55,2026-09-25 23:14:57,45,high,False,False,False
ALPHA_MARKUPS|HCG|2026-07-15|HIT_TP,EXIT_TP,ALPHA_MARKUPS,HCG,2026-07-15,646.8499755859375,2026-08-11,741.307111467634,599.6214076450893,741.307111467634,14.6,2026-09-25 23:14:57,45,high,False,False,False
ALPHA_MARKUPS|JPOLYINVST|2026-08-19|MOMENTUM_LOST,EXIT_MOMENTUM,ALPHA_MARKUPS,JPOLYINVST,2026-08-19,987.7000122070312,2026-08-31,990.4000244140624,912.7714233398438,1137.5571899414062,0.27,2026-09-25 23:14:57,25,default,False,False,False
ALPHA_MARKUPS|THERMAX|2026-07-21|HIT_SL,EXIT_SL,ALPHA_MARKUPS,THERMAX,2026-07-21,4841.0,2026-07-27,4431.966123064182,4431.966123064182,5659.067753871635,-8.45,2026-09-25 23:14:57,60,high,False,False,False
ALPHA_MARKUPS|WONDERLA|2026-08-20|MOMENTUM_LOST,EXIT_MOMENTUM,ALPHA_MARKUPS,WONDERLA,2026-08-20,490.1000061035156,2026-08-31,537.25,457.3508208947726,555.5983765210017,9.62,2026-09-25 23:14:57,25,default,False,False,False
ALPHA_MARKUPS|PFIZER|2026-08-20|HIT_SL,EXIT_SL,ALPHA_MARKUPS,PFIZER,2026-08-20,4920.0,2026-08-31,4688.028529575893,4688.028529575893,5383.942940848215,-4.71,2026-09-25 23:14:57,25,high,False,False,False
ALPHA_MARKUPS|WINDMACHIN|2026-08-20|MOMENTUM_LOST,EXIT_MOMENTUM,ALPHA_MARKUPS,WINDMACHIN,2026-08-20,320.5,2026-08-31,307.45001220703125,288.2428501674107,385.01429966517856,-4.07,2026-09-25 23:14:57,25,default,False,False,False
ALPHA_MARKUPS|STEELCAS|2026-08-20|MOMENTUM_LOST,EXIT_MOMENTUM,ALPHA_MARKUPS,STEELCAS,2026-08-20,358.70001220703125,2026-08-31,349.79998779296875,331.71953226403576,412.6609720930222,-2.48,2026-09-25 23:14:57,25,default,False,False,False
ALPHA_MARKUPS|DIVISLAB|2026-07-02|HIT_TP,EXIT_TP,ALPHA_MARKUPS,DIVISLAB,2026-07-02,6655.056640625,2026-07-14,7119.569701156856,6422.800110359072,7119.569701156856,6.98,2026-09-25 23:14:57,73,high,False,False,False
ALPHA_MARKUPS|HEROMOTOCO|2026-07-31|HIT_TP,EXIT_TP,ALPHA_MARKUPS,HEROMOTOCO,2026-07-31,5386.0,2026-08-10,5820.8829953705535,5168.558502314723,5820.8829953705535,8.07,2026-09-25 23:14:57,46,high,False,False,False
ALPHA_MARKUPS|AVALON|2026-07-06|HIT_TP,EXIT_TP,ALPHA_MARKUPS,AVALON,2026-07-06,1737.0999755859375,2026-08-17,2005.728533063616,1602.7856968470985,2005.728533063616,15.46,2026-09-25 23:14:57,39,high,False,False,False
ALPHA_MARKUPS|CSLFINANCE|2026-07-21|MOMENTUM_LOST,EXIT_MOMENTUM,ALPHA_MARKUPS,CSLFINANCE,2026-07-21,214.2400054931641,2026-08-24,225.0200042724609,198.21286010742188,246.29429626464844,5.03,2026-09-25 23:14:57,32,default,False,False,False
ALPHA_MARKUPS|CONSUMER|2026-08-21|MOMENTUM_LOST,EXIT_MOMENTUM,ALPHA_MARKUPS,CONSUMER,2026-08-21,12.279999732971191,2026-08-31,12.210000038146973,11.89142826625279,13.057142666407994,-0.57,2026-09-25 23:14:57,25,default,False,False,False
ALPHA_MARKUPS|BIL|2026-08-21|MOMENTUM_LOST,EXIT_MOMENTUM,ALPHA_MARKUPS,BIL,2026-08-21,831.0999755859375,2026-09-01,893.2000122070312,754.7928205217634,983.7142857142858,7.47,2026-09-25 23:14:57,24,default,False,False,False
ALPHA_MARKUPS|PIDILITIND|2026-07-24|MOMENTUM_LOST,EXIT_MOMENTUM,ALPHA_MARKUPS,PIDILITIND,2026-07-24,1570.9000244140625,2026-08-24,1660.0,1500.5674989515685,1711.5650753390505,5.67,2026-09-25 23:14:57,32,default,False,False,False
ALPHA_MARKUPS|NIYOGIN|2026-08-12|HIT_SL,EXIT_SL,ALPHA_MARKUPS,NIYOGIN,2026-08-12,55.02000045776367,2026-08-14,48.76714379446848,48.76714379446848,67.52571378435407,-11.36,2026-09-25 23:14:57,42,high,False,False,False
ALPHA_MARKUPS|ACESOFT|2026-08-21|MOMENTUM_LOST,EXIT_MOMENTUM,ALPHA_MARKUPS,ACESOFT,2026-08-21,169.5,2026-08-31,192.0,142.90000479561942,222.69999040876115,13.27,2026-09-25 23:14:57,25,default,False,False,False
ALPHA_MARKUPS|KINETICENG|2026-07-31|HIT_SL,EXIT_SL,ALPHA_MARKUPS,KINETICENG,2026-07-31,267.1499938964844,2026-08-06,238.0142756870815,238.0142756870815,325.4214303152902,-10.91,2026-09-25 23:14:57,50,high,False,False,False
ALPHA_MARKUPS|HIMTEK|2026-08-13|MOMENTUM_LOST,EXIT_MOMENTUM,ALPHA_MARKUPS,HIMTEK,2026-08-13,259.29998779296875,2026-08-27,261.45001220703125,222.0714133126395,333.75713675362726,0.83,2026-09-25 23:14:57,29,default,False,False,False
ALPHA_MARKUPS|TIERRA|2026-08-24|MOMENTUM_LOST,EXIT_MOMENTUM,ALPHA_MARKUPS,TIERRA,2026-08-24,41.91999816894531,2026-09-03,60.650001525878906,31.4599974496024,62.83999960763114,44.68,2026-09-25 23:14:57,22,default,False,False,False
ALPHA_MARKUPS|PURSHOTTAM|2026-08-24|MOMENTUM_LOST,EXIT_MOMENTUM,ALPHA_MARKUPS,PURSHOTTAM,2026-08-24,35.400001525878906,2026-09-03,35.349998474121094,25.71714292253767,54.76571873256138,-0.14,2026-09-25 23:14:57,22,default,False,False,False
ALPHA_MARKUPS|TIERRA|2026-08-20|MOMENTUM_LOST,EXIT_MOMENTUM,ALPHA_MARKUPS,TIERRA,2026-08-20,43.86000061035156,2026-08-31,49.02999877929688,34.16857147216797,63.24285888671875,11.79,2026-09-25 23:14:57,25,default,False,False,False
ALPHA_MARKUPS|TLL|2026-08-13|HIT_TP,EXIT_TP,ALPHA_MARKUPS,TLL,2026-08-13,262.25,2026-08-19,290.4785810198103,248.13570949009485,290.4785810198103,10.76,2026-09-25 23:14:57,37,high,False,False,False
ALPHA_MARKUPS|SHUKRAPHAR|2026-08-25|HIT_TP,EXIT_TP,ALPHA_MARKUPS,SHUKRAPHAR,2026-08-25,44.08000183105469,2026-09-03,52.760001046316965,39.74000222342355,52.760001046316965,19.69,2026-09-25 23:14:57,22,high,False,False,False
ALPHA_MARKUPS|APTUS|2026-08-26|MOMENTUM_LOST,EXIT_MOMENTUM,ALPHA_MARKUPS,APTUS,2026-08-26,258.5,2026-09-07,256.8900146484375,245.12142726353235,285.2571454729353,-0.62,2026-09-25 23:14:57,18,default,False,False,False
ALPHA_MARKUPS|SETL|2026-08-26|HIT_TP,EXIT_TP,ALPHA_MARKUPS,SETL,2026-08-26,330.3999938964844,2026-09-01,386.3428562709264,302.4285627092634,386.3428562709264,16.93,2026-09-25 23:14:57,24,high,False,False,False
ALPHA_MARKUPS|PAYTM|2026-08-26|HIT_SL,EXIT_SL,ALPHA_MARKUPS,PAYTM,2026-08-26,1716.0,2026-09-02,1603.800013950893,1603.800013950893,1940.3999720982144,-6.54,2026-09-25 23:14:57,23,high,False,False,False
ALPHA_MARKUPS|NATFIT|2026-08-20|MOMENTUM_LOST,EXIT_MOMENTUM,ALPHA_MARKUPS,NATFIT,2026-08-20,174.5500030517578,2026-08-31,210.3500061035156,155.39286368233817,212.8642817905971,20.51,2026-09-25 23:14:57,25,default,False,False,False
ALPHA_MARKUPS|ETERNAL|2026-08-27|HIT_SL,EXIT_SL,ALPHA_MARKUPS,ETERNAL,2026-08-27,328.5,2026-09-16,314.3999938964844,314.3999938964844,356.70001220703125,-4.29,2026-09-25 23:14:57,9,high,False,False,False
ALPHA_MARKUPS|SPICELOUNG|2026-08-27|MOMENTUM_LOST,EXIT_MOMENTUM,ALPHA_MARKUPS,SPICELOUNG,2026-08-27,24.850000381469727,2026-09-07,27.1200008392334,18.50142914908273,37.54714284624372,9.13,2026-09-25 23:14:57,18,default,False,False,False
ALPHA_MARKUPS|ALKEM|2026-07-03|HIT_SL,EXIT_SL,ALPHA_MARKUPS,ALKEM,2026-07-03,5552.5625,2026-08-14,5370.8876469837405,5370.8876469837405,5915.912206032518,-3.27,2026-09-25 23:14:57,42,high,False,False,False
ALPHA_MARKUPS|ALKEM|2026-07-15|HIT_SL,EXIT_SL,ALPHA_MARKUPS,ALKEM,2026-07-15,5648.89013671875,2026-08-13,5408.534561591782,5408.534561591782,6129.601286972686,-4.25,2026-09-25 23:14:57,43,high,False,False,False
ALPHA_MARKUPS|CHANDRIMA|2026-08-19|HIT_TP,EXIT_TP,ALPHA_MARKUPS,CHANDRIMA,2026-08-19,6.53000020980835,2026-08-25,8.507143361227852,5.541428634098598,8.507143361227852,30.28,2026-09-25 23:14:57,31,high,False,False,False
ALPHA_MARKUPS|LAURUSLABS|2026-08-27|HIT_SL,EXIT_SL,ALPHA_MARKUPS,LAURUSLABS,2026-08-27,1929.4000244140625,2026-08-31,1848.6143101283485,1848.6143101283485,2090.971452985491,-4.19,2026-09-25 23:14:57,25,high,False,False,False
ALPHA_MARKUPS|ASIANHOTNR|2026-08-28|HIT_TP,EXIT_TP,ALPHA_MARKUPS,ASIANHOTNR,2026-08-28,315.95001220703125,2026-08-31,361.3357282366072,293.2571541922433,361.3357282366072,14.36,2026-09-25 23:14:57,25,high,False,False,False
ALPHA_MARKUPS|GTPL|2026-08-28|MOMENTUM_LOST,EXIT_MOMENTUM,ALPHA_MARKUPS,GTPL,2026-08-28,53.540000915527344,2026-09-07,58.90999984741211,48.79142924717495,63.03714425223214,10.03,2026-09-25 23:14:57,18,default,False,False,False
ALPHA_MARKUPS|DECCANCE|2026-08-26|MOMENTUM_LOST,EXIT_MOMENTUM,ALPHA_MARKUPS,DECCANCE,2026-08-26,577.1500244140625,2026-09-07,573.1500244140625,535.8071812220982,659.835710797991,-0.69,2026-09-25 23:14:57,18,default,False,False,False
ALPHA_MARKUPS|KTKBANK|2026-08-14|MOMENTUM_LOST,EXIT_MOMENTUM,ALPHA_MARKUPS,KTKBANK,2026-08-14,309.6499938964844,2026-08-31,335.1499938964844,289.2857142857143,350.37855311802457,8.24,2026-09-25 23:14:57,25,default,False,False,False
ALPHA_MARKUPS|EMAMILTD|2026-08-26|HIT_SL,EXIT_SL,ALPHA_MARKUPS,EMAMILTD,2026-08-26,401.4500122070313,2026-08-28,383.3928615025112,383.3928615025112,437.5643136160714,-4.5,2026-09-25 23:14:57,28,high,False,False,False
ALPHA_MARKUPS|PRARUH|2026-08-28|HIT_TP,EXIT_TP,ALPHA_MARKUPS,PRARUH,2026-08-28,94.91999816894533,2026-09-01,108.6085684640067,88.07571302141461,108.6085684640067,14.42,2026-09-25 23:14:57,24,high,False,False,False
ALPHA_MARKUPS|LAURUSLABS|2026-08-31|HIT_SL,EXIT_SL,ALPHA_MARKUPS,LAURUSLABS,2026-08-31,1915.0,2026-09-02,1824.828578404018,1824.828578404018,2095.342843191964,-4.71,2026-09-25 23:14:57,23,high,False,False,False
ALPHA_MARKUPS|SBICARD|2026-08-31|MOMENTUM_LOST,EXIT_MOMENTUM,ALPHA_MARKUPS,SBICARD,2026-08-31,644.75,2026-09-10,666.2999877929688,607.9285975864956,718.392804827009,3.34,2026-09-25 23:14:57,15,default,False,False,False
ALPHA_MARKUPS|INDOSTAR|2026-08-06|MOMENTUM_LOST,EXIT_MOMENTUM,ALPHA_MARKUPS,INDOSTAR,2026-08-06,233.3999938964844,2026-08-31,253.9900054931641,209.5928497314453,281.0142822265625,8.82,2026-09-25 23:14:57,25,default,False,False,False
ALPHA_MARKUPS|BIL|2026-08-31|HIT_TP,EXIT_TP,ALPHA_MARKUPS,BIL,2026-08-31,852.2000122070312,2026-09-09,976.6143188476562,789.9928588867188,976.6143188476562,14.6,2026-09-25 23:14:57,16,high,False,False,False
ALPHA_MARKUPS|STOVEKRAFT|2026-07-16|MOMENTUM_LOST,EXIT_MOMENTUM,ALPHA_MARKUPS,STOVEKRAFT,2026-07-16,777.5499877929688,2026-09-01,844.4000244140625,721.4356951032366,889.7785731724331,8.6,2026-09-25 23:14:57,24,default,False,False,False
ALPHA_MARKUPS|SPICELOUNG|2026-08-31|MOMENTUM_LOST,EXIT_MOMENTUM,ALPHA_MARKUPS,SPICELOUNG,2026-08-31,23.51000022888184,2026-09-10,31.3799991607666,17.125714710780553,36.2785712650844,33.48,2026-09-25 23:14:57,15,default,False,False,False
ALPHA_MARKUPS|HDBFS|2026-09-01|MOMENTUM_LOST,EXIT_MOMENTUM,ALPHA_MARKUPS,HDBFS,2026-09-01,675.2999877929688,2026-09-11,669.2000122070312,646.6999773297991,732.5000087193081,-0.9,2026-09-25 23:14:57,14,default,False,False,False
ALPHA_MARKUPS|AKUMS|2026-09-02|MOMENTUM_LOST,EXIT_MOMENTUM,ALPHA_MARKUPS,AKUMS,2026-09-02,770.25,2026-09-16,772.0,715.7000122070312,879.3499755859375,0.23,2026-09-25 23:14:57,9,default,False,False,False
ALPHA_MARKUPS|SHINDL|2026-09-03|MOMENTUM_LOST,EXIT_MOMENTUM,ALPHA_MARKUPS,SHINDL,2026-09-03,159.35000610351562,2026-09-15,161.47999572753906,145.4130859375,187.22384643554688,1.34,2026-09-25 23:14:57,10,default,False,False,False
ALPHA_MARKUPS|GROWWCHEM|2026-09-03|MOMENTUM_LOST,EXIT_MOMENTUM,ALPHA_MARKUPS,GROWWCHEM,2026-09-03,30.01000022888184,2026-09-15,29.239999771118164,28.60428592136928,32.82142884390695,-2.57,2026-09-25 23:14:57,10,default,False,False,False
ALPHA_MARKUPS|SHANKARA|2026-07-30|MOMENTUM_LOST,EXIT_MOMENTUM,ALPHA_MARKUPS,SHANKARA,2026-07-30,139.30999755859375,2026-09-04,148.17999267578125,128.9357147216797,160.05856323242188,6.37,2026-09-25 23:14:57,21,default,False,False,False
ALPHA_MARKUPS|SHANKARA|2026-08-06|MOMENTUM_LOST,EXIT_MOMENTUM,ALPHA_MARKUPS,SHANKARA,2026-08-06,140.99000549316406,2026-09-04,148.17999267578125,134.32858058384485,154.31285531180245,5.1,2026-09-25 23:14:57,21,default,False,False,False
ALPHA_MARKUPS|SHANKARA|2026-08-03|MOMENTUM_LOST,EXIT_MOMENTUM,ALPHA_MARKUPS,SHANKARA,2026-08-03,141.9199981689453,2026-09-04,148.17999267578125,133.21714564732142,159.32570321219308,4.41,2026-09-25 23:14:57,21,default,False,False,False
ALPHA_MARKUPS|MARBLE|2026-09-04|HIT_TP,EXIT_TP,ALPHA_MARKUPS,MARBLE,2026-09-04,102.5,2026-09-09,126.82857186453684,90.3357140677316,126.82857186453684,23.74,2026-09-25 23:14:57,16,high,False,False,False
ALPHA_MARKUPS|GROWWCHEM|2026-09-04|MOMENTUM_LOST,EXIT_MOMENTUM,ALPHA_MARKUPS,GROWWCHEM,2026-09-04,30.190000534057617,2026-09-15,29.239999771118164,28.764286313738143,33.041428974696565,-3.15,2026-09-25 23:14:57,10,default,False,False,False
ALPHA_MARKUPS|GILT5BETA|2026-09-07|MOMENTUM_LOST,EXIT_MOMENTUM,ALPHA_MARKUPS,GILT5BETA,2026-09-07,66.94000244140625,2026-09-17,66.58999633789062,64.86428833007812,71.0914306640625,-0.52,2026-09-25 23:14:57,8,default,False,False,False
ALPHA_MARKUPS|GNFC|2026-09-07|HIT_SL,EXIT_SL,ALPHA_MARKUPS,GNFC,2026-09-07,597.9000244140625,2026-09-08,569.6785801478794,569.6785801478794,654.3429129464286,-4.72,2026-09-25 23:14:57,17,high,False,False,False
ALPHA_MARKUPS|TBOTEK|2026-07-13|HIT_SL,EXIT_SL,ALPHA_MARKUPS,TBOTEK,2026-07-13,1504.0999755859375,2026-07-24,1411.9713657924108,1411.9713657924108,1688.3571951729912,-6.13,2026-09-25 23:14:57,63,high,False,False,False
ALPHA_MARKUPS|GNFC|2026-09-08|HIT_SL,EXIT_SL,ALPHA_MARKUPS,GNFC,2026-09-08,589.0999755859375,2026-09-09,560.9285365513393,560.9285365513393,645.442853655134,-4.78,2026-09-25 23:14:57,16,high,False,False,False
ALPHA_MARKUPS|GILT10BETA|2026-09-08|MOMENTUM_LOST,EXIT_MOMENTUM,ALPHA_MARKUPS,GILT10BETA,2026-09-08,26.700000762939453,2026-09-18,26.65999984741211,25.6928574698312,28.71428734915597,-0.15,2026-09-25 23:14:57,7,default,False,False,False
ALPHA_MARKUPS|GILT5BETA|2026-09-08|MOMENTUM_LOST,EXIT_MOMENTUM,ALPHA_MARKUPS,GILT5BETA,2026-09-08,66.80000305175781,2026-09-18,66.58999633789062,64.73428889683315,70.93143136160714,-0.31,2026-09-25 23:14:57,7,default,False,False,False
ALPHA_MARKUPS|CONFIPET|2026-09-08|MOMENTUM_LOST,EXIT_MOMENTUM,ALPHA_MARKUPS,CONFIPET,2026-09-08,82.48999786376953,2026-09-22,86.76000213623047,74.30428314208984,98.8614273071289,5.18,2026-09-25 23:14:57,3,default,False,False,False
ALPHA_MARKUPS|MGEL|2026-09-08|MOMENTUM_LOST,EXIT_MOMENTUM,ALPHA_MARKUPS,MGEL,2026-09-08,15.5,2026-09-18,15.640000343322754,14.105713844299316,18.288572311401367,0.9,2026-09-25 23:14:57,7,default,False,False,False
ALPHA_MARKUPS|SAGCEM|2026-09-08|MOMENTUM_LOST,EXIT_MOMENTUM,ALPHA_MARKUPS,SAGCEM,2026-09-08,151.82000732421875,2026-09-18,151.7899932861328,140.7871573311942,173.88570731026786,-0.02,2026-09-25 23:14:57,7,default,False,False,False
ALPHA_MARKUPS|JKCEMENT|2026-07-13|HIT_SL,EXIT_SL,ALPHA_MARKUPS,JKCEMENT,2026-07-13,5361.5,2026-09-01,5035.086233343741,5035.086233343741,6014.327533312518,-6.09,2026-09-25 23:14:57,24,high,False,False,False
ALPHA_MARKUPS|KRISHIVAL|2026-07-23|HIT_TP,EXIT_TP,ALPHA_MARKUPS,KRISHIVAL,2026-07-23,391.1499938964844,2026-08-12,415.26427786690846,379.0928519112723,415.26427786690846,6.16,2026-09-25 23:14:57,44,high,False,False,False
ALPHA_MARKUPS|BHARATFORG|2026-09-08|HIT_SL,EXIT_SL,ALPHA_MARKUPS,BHARATFORG,2026-09-08,2003.699951171875,2026-09-15,1901.6857386997767,1901.6857386997767,2207.728376116072,-5.09,2026-09-25 23:14:57,10,high,False,False,False
ALPHA_MARKUPS|SUNDRMFAST|2026-08-06|HIT_TP,EXIT_TP,ALPHA_MARKUPS,SUNDRMFAST,2026-08-06,1085.25,2026-08-11,1189.821463,1032.9642682756696,1189.8214634486608,9.64,2026-09-25 23:14:57,45,high,False,False,False
ALPHA_MARKUPS|BLUESTARCO|2026-09-09|MOMENTUM_LOST,EXIT_MOMENTUM,ALPHA_MARKUPS,BLUESTARCO,2026-09-09,1456.9000244140625,2026-09-22,1525.0,1385.6000453404015,1599.4999825613838,4.67,2026-09-25 23:14:57,3,default,False,False,False
ALPHA_MARKUPS|JOJO|2026-09-09|MOMENTUM_LOST,EXIT_MOMENTUM,ALPHA_MARKUPS,JOJO,2026-09-09,222.25,2026-09-22,230.3999938964844,206.69286019461487,253.3642796107701,3.67,2026-09-25 23:14:57,3,default,False,False,False
ALPHA_MARKUPS|RELIGARE|2026-08-31|MOMENTUM_LOST,EXIT_MOMENTUM,ALPHA_MARKUPS,RELIGARE,2026-08-31,242.8000030517578,2026-09-11,256.8099975585937,226.5,275.40000915527344,5.77,2026-09-25 23:14:57,14,default,False,False,False
ALPHA_MARKUPS|KNRCON|2026-08-31|MOMENTUM_LOST,EXIT_MOMENTUM,ALPHA_MARKUPS,KNRCON,2026-08-31,121.19000244140624,2026-09-11,125.66000366210938,110.64000374930244,142.28999982561385,3.69,2026-09-25 23:14:57,14,default,False,False,False
ALPHA_MARKUPS|THYROCARE|2026-08-05|HIT_SL,EXIT_SL,ALPHA_MARKUPS,THYROCARE,2026-08-05,600.0,2026-09-11,549.2285679408482,549.2285679408482,701.5428641183036,-8.46,2026-09-25 23:14:57,14,high,False,False,False
ALPHA_MARKUPS|EMAMILTD|2026-09-10|MOMENTUM_LOST,EXIT_MOMENTUM,ALPHA_MARKUPS,EMAMILTD,2026-09-10,370.8500061035156,2026-09-22,390.0,347.1071515764509,418.3357151576451,5.16,2026-09-25 23:14:57,3,default,False,False,False
ALPHA_MARKUPS|IBULLSLTD|2026-09-11|HIT_TP,EXIT_TP,ALPHA_MARKUPS,IBULLSLTD,2026-09-11,26.13999938964844,2026-09-21,31.14285659790039,23.63857078552246,31.14285659790039,19.14,2026-09-25 23:14:57,4,high,False,False,False
ALPHA_MARKUPS|SANJIVIN|2026-09-11|MOMENTUM_LOST,EXIT_MOMENTUM,ALPHA_MARKUPS,SANJIVIN,2026-09-11,180.6499938964844,2026-09-21,174.5,157.84999302455358,226.249995640346,-3.4,2026-09-25 23:14:57,4,default,False,False,False
ALPHA_MARKUPS|ALGOQUANT|2026-09-11|HIT_TP,EXIT_TP,ALPHA_MARKUPS,ALGOQUANT,2026-09-11,64.61000061035156,2026-09-18,74.11857278006417,59.85571452549526,74.11857278006417,14.72,2026-09-25 23:14:57,7,high,False,False,False
ALPHA_MARKUPS|VENTIVE|2026-09-15|MOMENTUM_LOST,EXIT_MOMENTUM,ALPHA_MARKUPS,VENTIVE,2026-09-15,563.1500244140625,2026-09-25,565.0499877929688,528.9785766601562,631.492919921875,0.34,2026-09-25 23:14:57,0,default,False,False,False
ALPHA_MARKUPS|GESHIP|2026-09-10|MOMENTUM_LOST,EXIT_MOMENTUM,ALPHA_MARKUPS,GESHIP,2026-09-10,1400.199951171875,2026-09-21,1485.0,1328.9142194475446,1542.7714146205358,6.06,2026-09-25 23:14:57,4,default,False,False,False
ALPHA_MARKUPS|GREENPLY|2026-08-06|MOMENTUM_LOST,EXIT_MOMENTUM,ALPHA_MARKUPS,GREENPLY,2026-08-06,286.8500061035156,2026-09-18,292.8500061035156,261.4580684992776,337.63388131199173,2.09,2026-09-25 23:14:57,7,default,False,False,False
ALPHA_MARKUPS|ALKEM|2026-09-18|HIT_SL,EXIT_SL,ALPHA_MARKUPS,ALKEM,2026-09-18,5466.5,2026-09-25,5248.285714285715,5248.285714285715,5902.928571428572,-3.99,2026-09-25 23:14:57,0,high,False,False,False
ALPHA_MARKUPS|TVSHLTD|2026-07-15|HIT_TP,EXIT_TP,ALPHA_MARKUPS,TVSHLTD,2026-07-15,14000.0,2026-07-22,15252.0,13374.0,15252.0,8.94,2026-09-25 23:14:57,65,high,False,False,False
ALPHA_MARKUPS|GGAUTO|2026-09-21|HIT_SL,EXIT_SL,ALPHA_MARKUPS,GGAUTO,2026-09-21,203.8500061035156,2026-09-24,187.1071515764509,187.1071515764509,237.3357151576451,-8.21,2026-09-25 23:14:57,1,high,False,False,False
FLEXGATE|MRTX|2026-08-21|HIT_SL,EXIT_SL,FLEXGATE,MRTX,2026-08-21,341.29998779296875,2026-09-01,304.02856881277904,282.32856881277905,,-10.92,2026-09-25 23:14:57,24,high,False,False,False
FLEXGATE|AIRFLOA|2026-08-21|HIT_TP,EXIT_TP,FLEXGATE,AIRFLOA,2026-08-21,423.1000061035156,2026-08-21,442.221426827567,442.221426827567,,4.52,2026-09-25 23:14:57,35,high,False,False,False
FLEXGATE|ABSL10BANK|2026-08-20|HIT_SL,EXIT_SL,FLEXGATE,ABSL10BANK,2026-08-20,168.47000122070312,2026-09-04,165.4164276123047,158.9364306640625,,-1.81,2026-09-25 23:14:57,21,high,False,False,False
FLEXGATE|ORICONENT|2026-08-20|HIT_SL,EXIT_SL,FLEXGATE,ORICONENT,2026-08-20,58.119998931884766,2026-08-28,52.38642583574568,50.80642507280622,,-9.87,2026-09-25 23:14:57,28,high,False,False,False
FLEXGATE|TATSILV|2026-08-20|HIT_SL,EXIT_SL,FLEXGATE,TATSILV,2026-08-20,22.89999961853028,2026-09-02,21.86785657065256,20.55785748617989,,-4.51,2026-09-25 23:14:57,23,high,False,False,False
FLEXGATE|ALKEM|2026-08-20|HIT_SL,EXIT_SL,FLEXGATE,ALKEM,2026-08-20,5400.0,2026-09-11,5061.60445739715,5061.60445739715,,-6.27,2026-09-25 23:14:57,14,high,False,False,False
FLEXGATE|AEROPLANE|2026-08-20|HIT_SL,EXIT_SL,FLEXGATE,AEROPLANE,2026-08-20,182.5599975585937,2026-08-27,171.39785875592912,171.39785875592912,,-6.11,2026-09-25 23:14:57,29,high,False,False,False
FLEXGATE|APOLLOTYRE|2026-08-20|HIT_TP,EXIT_TP,FLEXGATE,APOLLOTYRE,2026-08-20,429.2999877929688,2026-08-26,439.778560093471,401.6785661969866,,2.44,2026-09-25 23:14:57,30,high,False,False,False
FLEXGATE|ONGC|2026-08-19|HIT_SL,EXIT_SL,FLEXGATE,ONGC,2026-08-19,238.0,2026-08-26,231.64000483921595,231.64000483921595,,-2.67,2026-09-25 23:14:57,30,high,False,False,False
FLEXGATE|SUPREMEIND|2026-08-19|HIT_SL,EXIT_SL,FLEXGATE,SUPREMEIND,2026-08-19,3610.0,2026-09-11,3469.271501813616,3469.271501813616,,-3.9,2026-09-25 23:14:57,14,high,False,False,False
FLEXGATE|PETRONET|2026-08-19|HIT_SL,EXIT_SL,FLEXGATE,PETRONET,2026-08-19,288.1499938964844,2026-09-15,281.4749995640346,281.4749995640346,,-2.32,2026-09-25 23:14:57,10,high,False,False,False
FLEXGATE|PNBHOUSING|2026-08-19|HIT_SL,EXIT_SL,FLEXGATE,PNBHOUSING,2026-08-19,1174.0,2026-09-17,1105.535609654018,1105.535609654018,,-5.83,2026-09-25 23:14:57,8,high,False,False,False
FLEXGATE|MARICO|2026-08-19|HIT_SL,EXIT_SL,FLEXGATE,MARICO,2026-08-19,850.0,2026-09-07,812.6178763253348,812.6178763253348,,-4.4,2026-09-25 23:14:57,18,high,False,False,False
FLEXGATE|COLPAL|2026-08-19|HIT_SL,EXIT_SL,FLEXGATE,COLPAL,2026-08-19,1879.5999755859373,2026-08-31,1804.3500453404013,1769.0500209263391,,-4.0,2026-09-25 23:14:57,25,high,False,False,False
FLEXGATE|ANURAS|2026-08-19|HIT_SL,EXIT_SL,FLEXGATE,ANURAS,2026-08-19,1225.4000244140625,2026-08-19,1216.364283970424,1216.364283970424,,-0.74,2026-09-25 23:14:57,37,high,False,False,False
FLEXGATE|PIIND|2026-08-18|HIT_SL,EXIT_SL,FLEXGATE,PIIND,2026-08-18,2515.0,2026-09-11,2337.1058814752173,2337.1058814752173,,-7.07,2026-09-25 23:14:57,14,high,False,False,False
FLEXGATE|GLAXO|2026-08-18|HIT_SL,EXIT_SL,FLEXGATE,GLAXO,2026-08-18,2877.39990234375,2026-08-18,2691.707257952009,2650.107257952009,,-6.45,2026-09-25 23:14:57,38,high,False,False,False
FLEXGATE|GROWW|2026-08-18|HIT_SL,EXIT_SL,FLEXGATE,GROWW,2026-08-18,193.8099975585937,2026-08-28,191.60499572753903,180.20498901367188,,-1.14,2026-09-25 23:14:57,28,high,False,False,False
FLEXGATE|ELECTHERM|2026-08-18|HIT_SL,EXIT_SL,FLEXGATE,ELECTHERM,2026-08-18,1024.0999755859375,2026-09-15,932.5428466796876,932.5428466796876,,-8.94,2026-09-25 23:14:57,10,high,False,False,False
FLEXGATE|ABCAPITAL|2026-08-18|HIT_SL,EXIT_SL,FLEXGATE,ABCAPITAL,2026-08-18,402.0,2026-09-15,383.7178497314453,383.7178497314453,,-4.55,2026-09-25 23:14:57,10,high,False,False,False
FLEXGATE|POLICYBZR|2026-08-18|HIT_SL,EXIT_SL,FLEXGATE,POLICYBZR,2026-08-18,1747.0,2026-08-18,1724.9356515066966,1724.9356515066966,,-1.26,2026-09-25 23:14:57,38,high,False,False,False
FLEXGATE|CORDELIA|2026-08-17|HIT_SL,EXIT_SL,FLEXGATE,CORDELIA,2026-08-17,823.2000122070312,2026-08-17,730.1678388323103,730.1678388323103,,-11.3,2026-09-25 23:14:57,39,high,False,False,False
FLEXGATE|BFSI|2026-08-17|HIT_SL,EXIT_SL,FLEXGATE,BFSI,2026-08-17,27.309999465942383,2026-09-08,26.56857109069824,26.56857109069824,,-2.71,2026-09-25 23:14:57,17,high,False,False,False
FLEXGATE|SHREECEM|2026-08-17|HIT_SL,EXIT_SL,FLEXGATE,SHREECEM,2026-08-17,24535.0,2026-08-31,23355.357142857145,22635.357142857145,,-4.81,2026-09-25 23:14:57,25,high,False,False,False
FLEXGATE|LGEINDIA|2026-08-17|HIT_SL,EXIT_SL,FLEXGATE,LGEINDIA,2026-08-17,1667.5999755859375,2026-09-16,1611.7928205217634,1611.7928205217634,,-3.35,2026-09-25 23:14:57,9,high,False,False,False
FLEXGATE|LENSKART|2026-08-17|HIT_TP,EXIT_TP,FLEXGATE,LENSKART,2026-08-17,607.5999755859375,2026-08-27,627.164328438895,560.8643040248326,,3.22,2026-09-25 23:14:57,29,high,False,False,False
FLEXGATE|HYUNDAI|2026-08-17|HIT_SL,EXIT_SL,FLEXGATE,HYUNDAI,2026-08-17,2190.0,2026-09-02,2107.333689010634,2016.3336890106336,,-3.77,2026-09-25 23:14:57,23,high,False,False,False
FLEXGATE|PVTBANKADD|2026-08-17|HIT_SL,EXIT_SL,FLEXGATE,PVTBANKADD,2026-08-17,27.84000015258789,2026-09-16,27.22999886104039,27.22999886104039,,-2.19,2026-09-25 23:14:57,9,high,False,False,False
FLEXGATE|MANKIND|2026-08-17|HIT_SL,EXIT_SL,FLEXGATE,MANKIND,2026-08-17,2380.89990234375,2026-09-09,2251.764177594866,2251.764177594866,,-5.42,2026-09-25 23:14:57,16,high,False,False,False
FLEXGATE|DEFENCE|2026-08-17|HIT_SL,EXIT_SL,FLEXGATE,DEFENCE,2026-08-17,82.69000244140625,2026-08-27,81.29285430908203,78.38285583496094,,-1.69,2026-09-25 23:14:57,29,high,False,False,False
FLEXGATE|SAMMAANCAP|2026-08-14|HIT_SL,EXIT_SL,FLEXGATE,SAMMAANCAP,2026-08-14,152.38999938964844,2026-08-18,148.36927686418807,137.85928296770368,,-2.64,2026-09-25 23:14:57,38,high,False,False,False
FLEXGATE|CPPLUS|2026-08-14|HIT_SL,EXIT_SL,FLEXGATE,CPPLUS,2026-08-14,3519.0,2026-08-18,3288.671456473214,3288.671456473214,,-6.55,2026-09-25 23:14:57,38,high,False,False,False
FLEXGATE|GVPIL|2026-08-14|HIT_SL,EXIT_SL,FLEXGATE,GVPIL,2026-08-14,769.5999755859375,2026-08-24,653.2595462509123,653.2595462509123,,-15.12,2026-09-25 23:14:57,32,high,False,False,False
FLEXGATE|SETL|2026-08-24|HIT_TP,EXIT_TP,FLEXGATE,SETL,2026-08-24,312.3500061035156,2026-08-24,370.7464381626674,370.7464381626674,,18.7,2026-09-25 23:14:57,32,high,False,False,False
FLEXGATE|GROWWLIQID|2026-08-24|HIT_TP,EXIT_TP,FLEXGATE,GROWWLIQID,2026-08-24,110.47000122070312,2026-08-26,110.5699964250837,110.04999856131415,,0.09,2026-09-25 23:14:57,30,high,False,False,False
FLEXGATE|SHYAMMETL|2026-08-24|HIT_TP,EXIT_TP,FLEXGATE,SHYAMMETL,2026-08-24,1001.0,2026-08-28,1047.253226302841,937.253226302841,,4.62,2026-09-25 23:14:57,28,high,False,False,False
FLEXGATE|ITADD|2026-08-25|HIT_SL,EXIT_SL,FLEXGATE,ITADD,2026-08-25,32.40999984741211,2026-09-07,32.06071295057024,32.06071295057024,,-1.08,2026-09-25 23:14:57,18,high,False,False,False
FLEXGATE|ONIXSOLAR|2026-08-25|SUSPENDED,EXIT_SUSPENDED,FLEXGATE,ONIXSOLAR,2026-08-25,276.25,2026-08-25,276.25,,,0.0,2026-09-25 23:14:57,31,low,False,False,False
FLEXGATE|TATAPOWER|2026-08-25|HIT_SL,EXIT_SL,FLEXGATE,TATAPOWER,2026-08-25,370.6000061035156,2026-08-27,354.00356881277906,354.00356881277906,,-4.48,2026-09-25 23:14:57,29,high,False,False,False
FLEXGATE|DABUR|2026-08-25|HIT_SL,EXIT_SL,FLEXGATE,DABUR,2026-08-25,395.0499877929688,2026-09-02,380.3606972830637,380.3606972830637,,-3.72,2026-09-25 23:14:57,23,high,False,False,False
FLEXGATE|REMAGNET|2026-08-25|SUSPENDED,EXIT_SUSPENDED,FLEXGATE,REMAGNET,2026-08-25,3953.199951171875,2026-08-25,3953.199951171875,,,0.0,2026-09-25 23:14:57,31,low,False,False,False
FLEXGATE|CARBORUNIV|2026-08-25|SUSPENDED,EXIT_SUSPENDED,FLEXGATE,CARBORUNIV,2026-08-25,1106.699951171875,2026-08-25,1106.699951171875,,,0.0,2026-09-25 23:14:57,31,low,False,False,False
FLEXGATE|ABSL10BANK|2026-08-26|SUSPENDED,EXIT_SUSPENDED,FLEXGATE,ABSL10BANK,2026-08-26,171.9600067138672,2026-08-26,171.9600067138672,,,0.0,2026-09-25 23:14:57,30,low,False,False,False
FLEXGATE|KALIND|2026-08-26|HIT_SL,EXIT_SL,FLEXGATE,KALIND,2026-08-26,4.190000057220459,2026-08-27,4.045714378356934,4.045714378356934,,-3.44,2026-09-25 23:14:57,29,high,False,False,False
FLEXGATE|VEDL|2026-08-26|HIT_SL,EXIT_SL,FLEXGATE,VEDL,2026-08-26,286.5,2026-09-07,267.64285060337613,267.64285060337613,,-6.58,2026-09-25 23:14:57,18,high,False,False,False
FLEXGATE|ADANIENT|2026-08-27|HIT_SL,EXIT_SL,FLEXGATE,ADANIENT,2026-08-27,3169.0,2026-08-31,2974.7713971819194,2974.7713971819194,,-6.13,2026-09-25 23:14:57,25,high,False,False,False
FLEXGATE|PSCELESTIA|2026-08-28|SUSPENDED,EXIT_SUSPENDED,FLEXGATE,PSCELESTIA,2026-08-28,1005500.0,2026-08-28,1005500.0,,,0.0,2026-09-25 23:14:57,28,low,False,False,False
FLEXGATE|NOVUS|2026-08-14|HIT_TP,EXIT_TP,FLEXGATE,NOVUS,2026-08-14,152.85,2026-09-01,199.45,135.05,,30.49,2026-09-25 23:14:57,24,high,False,False,False
FLEXGATE|NCML|2026-08-31|SUSPENDED,EXIT_SUSPENDED,FLEXGATE,NCML,2026-08-31,85.5,2026-08-31,85.5,,,0.0,2026-09-25 23:14:57,25,low,False,False,False
FLEXGATE|BRIGHT|2026-08-31|SUSPENDED,EXIT_SUSPENDED,FLEXGATE,BRIGHT,2026-08-31,351.95001220703125,2026-08-31,351.95001220703125,,,0.0,2026-09-25 23:14:57,25,low,False,False,False
FLEXGATE|QUESTFLOW|2026-09-01|HIT_SL,EXIT_SL,FLEXGATE,QUESTFLOW,2026-09-01,155.25,2026-09-07,140.5142822265625,140.5142822265625,,-9.49,2026-09-25 23:14:57,18,high,False,False,False
FLEXGATE|UTIAMC|2026-09-02|HIT_TP,EXIT_TP,FLEXGATE,UTIAMC,2026-09-02,877.0,2026-09-02,885.9285714285714,885.9285714285714,,1.02,2026-09-25 23:14:57,23,high,False,False,False
FLEXGATE|ENERGYINF|2026-09-03|HIT_SL,EXIT_SL,FLEXGATE,ENERGYINF,2026-09-03,73.12999725341797,2026-09-10,72.91714423043388,72.91714423043388,,-0.29,2026-09-25 23:14:57,15,high,False,False,False
FLEXGATE|MOREALTY|2026-09-03|SUSPENDED,EXIT_SUSPENDED,FLEXGATE,MOREALTY,2026-09-03,88.68000030517578,2026-09-03,88.68000030517578,,,0.0,2026-09-25 23:14:57,22,low,False,False,False
FLEXGATE|SHOORA|2026-09-04|HIT_TP,EXIT_TP,FLEXGATE,SHOORA,2026-09-04,68.5999984741211,2026-09-04,69.0921401977539,69.0921401977539,,0.72,2026-09-25 23:14:57,21,high,False,False,False
FLEXGATE|SWIGGY|2026-09-04|HIT_SL,EXIT_SL,FLEXGATE,SWIGGY,2026-09-04,276.1000061035156,2026-09-25,263.91427830287387,263.91427830287387,,-4.41,2026-09-25 23:14:57,0,high,False,False,False
FLEXGATE|PESB|2026-09-04|HIT_SL,EXIT_SL,FLEXGATE,PESB,2026-09-04,265.6499938964844,2026-09-04,246.04240234327656,242.6924023432765,,-7.38,2026-09-25 23:14:57,21,high,False,False,False
FLEXGATE|IIRM|2026-09-04|HIT_SL,EXIT_SL,FLEXGATE,IIRM,2026-09-04,138.5,2026-09-25,130.79641723632812,130.79641723632812,,-5.56,2026-09-25 23:14:57,0,high,False,False,False
FLEXGATE|JDCABLES|2026-09-08|HIT_SL,EXIT_SL,FLEXGATE,JDCABLES,2026-09-08,210.9499969482422,2026-09-16,186.13571711948936,186.13571711948936,,-11.76,2026-09-25 23:14:57,9,high,False,False,False
FLEXGATE|SBIBPB|2026-09-09|SUSPENDED,EXIT_SUSPENDED,FLEXGATE,SBIBPB,2026-09-09,48.720001220703125,2026-09-09,48.720001220703125,,,0.0,2026-09-25 23:14:57,16,low,False,False,False
FLEXGATE|RAJSEC|2026-09-09|SUSPENDED,EXIT_SUSPENDED,FLEXGATE,RAJSEC,2026-09-09,57.54999923706055,2026-09-09,57.54999923706055,,,0.0,2026-09-25 23:14:57,16,low,False,False,False
FLEXGATE|GOELCONS|2026-09-10|HIT_SL,EXIT_SL,FLEXGATE,GOELCONS,2026-09-10,399.3999938964844,2026-09-11,394.0571507045201,394.0571507045201,,-1.34,2026-09-25 23:14:57,14,high,False,False,False
FLEXGATE|ADON|2026-09-10|HIT_SL,EXIT_SL,FLEXGATE,ADON,2026-09-10,102.94000244140624,2026-09-10,89.4592890058245,89.45928656441825,,-13.1,2026-09-25 23:14:57,15,high,False,False,False
FLEXGATE|HRS|2026-09-10|HIT_SL,EXIT_SL,FLEXGATE,HRS,2026-09-10,258.5,2026-09-10,257.1464364188058,245.39643641880585,,-0.52,2026-09-25 23:14:57,15,high,False,False,False
FLEXGATE|NEXT50BETA|2026-09-11|HIT_SL,EXIT_SL,FLEXGATE,NEXT50BETA,2026-09-11,78.05999755859375,2026-09-16,75.5464232308524,75.5464232308524,,-3.22,2026-09-25 23:14:57,9,high,False,False,False
FLEXGATE|DHANWEL|2026-09-11|SUSPENDED,EXIT_SUSPENDED,FLEXGATE,DHANWEL,2026-09-11,39.84999847412109,2026-09-11,39.84999847412109,,,0.0,2026-09-25 23:14:57,14,low,False,False,False
FLEXGATE|SAPL|2026-09-21|SUSPENDED,EXIT_SUSPENDED,FLEXGATE,SAPL,2026-09-21,6779.7998046875,2026-09-21,6779.7998046875,,,0.0,2026-09-25 23:14:57,4,low,False,False,False
FLEXGATE|YAASHVI|2026-09-21|SUSPENDED,EXIT_SUSPENDED,FLEXGATE,YAASHVI,2026-09-21,85.52999877929688,2026-09-21,85.52999877929688,,,0.0,2026-09-25 23:14:57,4,low,False,False,False
FLEXGATE|HORIZON|2026-09-21|SUSPENDED,EXIT_SUSPENDED,FLEXGATE,HORIZON,2026-09-21,137.89999389648438,2026-09-21,137.89999389648438,,,0.0,2026-09-25 23:14:57,4,low,False,False,False
FLEXGATE|SHAMFOAM|2026-09-25|SUSPENDED,EXIT_SUSPENDED,FLEXGATE,SHAMFOAM,2026-09-25,91.6500015258789,2026-09-25,91.6500015258789,,,0.0,2026-09-25 23:14:57,0,low,False,False,False
FLEXGATE|ORGANICREC|2026-09-25|SUSPENDED,EXIT_SUSPENDED,FLEXGATE,ORGANICREC,2026-09-25,197.4499969482422,2026-09-25,197.4499969482422,,,0.0,2026-09-25 23:14:57,0,low,False,False,False
FLEXGATE2|AIRFLOA|2026-08-21|HIT_TP,EXIT_TP,FLEXGATE2,AIRFLOA,2026-08-21,423.1000061035156,2026-09-10,533.53,442.221426827567,,26.1,2026-09-25 23:14:57,15,high,False,False,False
FLEXGATE2|MRTX|2026-08-21|HIT_SL,EXIT_SL,FLEXGATE2,MRTX,2026-08-21,341.29998779296875,2026-09-01,304.02856881277904,282.32856881277905,,-10.92,2026-09-25 23:14:57,24,high,False,False,False
FLEXGATE2|ORICONENT|2026-08-20|HIT_SL,EXIT_SL,FLEXGATE2,ORICONENT,2026-08-20,58.119998931884766,2026-08-28,52.38642583574568,50.80642507280622,,-9.87,2026-09-25 23:14:57,28,high,False,False,False
FLEXGATE2|AEROPLANE|2026-08-20|HIT_SL,EXIT_SL,FLEXGATE2,AEROPLANE,2026-08-20,182.5599975585937,2026-08-27,171.39785875592912,171.39785875592912,,-6.11,2026-09-25 23:14:57,29,high,False,False,False
FLEXGATE2|REMAGNET|2026-08-25|HIT_SL,EXIT_SL,FLEXGATE2,REMAGNET,2026-08-25,3953.199951171875,2026-09-15,3532.4501953125,3532.4501953125,,-10.64,2026-09-25 23:14:57,10,high,False,False,False
FLEXGATE2|KALIND|2026-08-26|HIT_SL,EXIT_SL,FLEXGATE2,KALIND,2026-08-26,4.190000057220459,2026-08-27,4.045714378356934,4.045714378356934,,-3.44,2026-09-25 23:14:57,29,high,False,False,False
FLEXGATE2|NOVUS|2026-08-14|HIT_TP,EXIT_TP,FLEXGATE2,NOVUS,2026-08-14,152.85,2026-09-01,199.45,135.05,,30.49,2026-09-25 23:14:57,24,high,False,False,False
FLEXGATE2|DEEDEV|2026-09-02|HIT_SL,EXIT_SL,FLEXGATE2,DEEDEV,2026-09-02,643.8499755859375,2026-09-15,617.0,618.1785714285714,,-4.17,2026-09-25 23:14:57,10,high,False,False,False
FLEXGATE2|INDOTHAI|2026-09-02|HIT_SL,EXIT_SL,FLEXGATE2,INDOTHAI,2026-09-02,39.61000061035156,2026-09-04,36.140715735299246,36.140715735299246,,-8.76,2026-09-25 23:14:57,21,high,False,False,False
FLEXGATE2|TITANBIO|2026-09-02|HIT_SL,EXIT_SL,FLEXGATE2,TITANBIO,2026-09-02,414.8500061035156,2026-09-09,390.2535596575056,390.2535596575056,,-5.93,2026-09-25 23:14:57,16,high,False,False,False
FLEXGATE2|JDCABLES|2026-09-08|HIT_SL,EXIT_SL,FLEXGATE2,JDCABLES,2026-09-08,210.9499969482422,2026-09-16,186.13571711948936,186.13571711948936,,-11.76,2026-09-25 23:14:57,9,high,False,False,False
FLEXGATE2|CMPDI|2026-09-10|HIT_SL,EXIT_SL,FLEXGATE2,CMPDI,2026-09-10,218.7700042724609,2026-09-15,205.28857094900948,205.28857094900948,,-6.16,2026-09-25 23:14:57,10,high,False,False,False
FLEXGATE2|GOELCONS|2026-09-10|HIT_SL,EXIT_SL,FLEXGATE2,GOELCONS,2026-09-10,399.3999938964844,2026-09-11,394.0571507045201,394.0571507045201,,-1.34,2026-09-25 23:14:57,14,high,False,False,False
