DATE,SYMBOL,ISIN,EXCHANGE,CLOSE,DELIV_PER,DELIVERY_TURNOVER,ATW,EVER_100_DELIV,DELIV_PER_1W,DELIV_PER_1M,DELIV_PER_3M,DELIVERY_TURNOVER_1W,DELIVERY_TURNOVER_1M,DELIVERY_TURNOVER_3M,ATW_1W,ATW_1M,ATW_3M,MOMENTUM_RAW,FOOTPRINT_RAW,STABILITY_RAW,HASMOMENTUMDATA,HASFOOTPRINTDATA,HASSTABILITYHISTORY20D,MOMENTUM_SCORE,FOOTPRINT_SCORE,STABILITY_SCORE,TRIGGER_COUNT_30D,AI_SCORE,COMBINED_SCORE,SIS,Whale_Density,Implied_Trades,AI_WIN_PROBABILITY,CHANDELIER_EXIT,REC_POS_SIZE_INR,ENTRY_PRICE,ATR14,STOP_LOSS,TAKE_PROFIT,AI_APPROVED
2026-09-29 00:00:00,ORGANICREC,,BSE,195.0,80.46,24570000.0,430635.652173913,,42.51800000000001,29.252727272727267,22.837575757575756,6899976.0,3994306.363636364,3385967.0454545454,187863.34377562048,169905.92351013148,167266.16926221715,3.5231410222387347,7.256420298887353,2.5745532050705426,,,,1.0,0.9849624060150376,0.9398496240601504,1.0,0.9624060150375939,3.0,0.9652405535524724,1752.6888570366832,57.05519242535302,81.18341127659103,,,195.0,10.942856924874445,173.1142861502511,238.77142769949776,
2026-09-29 00:00:00,SVLL,,NSE,813.35,99.51,31858106.15,650729.2642857142,,85.902,69.49590909090908,65.65727272727274,12660417.56,5735801.531818182,2424046.843939394,162495.26661422956,48367.20927064731,24068.109254871517,1.5155975243343531,13.142529085051176,27.036991455986644,,,,0.9774436090225563,1.0,1.0,1.0,0.9977443609022556,3.0,0.9954682313591012,2042.5861512979932,48.95754332636273,81.18341127659103,,,813.3499755859375,37.21785627092634,738.9142630440848,962.2214006696428,
2026-09-29 00:00:00,PROZONER,,NSE,56.2,89.69,41226915.0,22069.60355940356,,73.83800000000001,67.32181818181819,63.230454545454535,27913005.446,13746361.282727271,8984754.068333335,9932.891723044537,8409.103072545058,7685.929191787779,1.4184620472010756,4.588541287435323,2.8714294665873807,,,,0.9398496240601504,0.9624060150375939,0.9548872180451128,1.0,0.963157894736842,3.0,0.9541195353982828,53.53202770424021,1868.0405784830589,67.9577087383581,,,56.20000076293945,2.686428887503488,50.82714298793248,66.94571631295341,
2026-09-28,WEALTH,INE658T01017,NSE,887.5,98.64,36005275.2,178930.17034313726,,,,,,,,,,,1.3125007560209507,19.84813102460718,15.138025114957614,,,,,,,,,,,496.9554304174218,201.22528878697264,69.89632768523441,769.6379968336842,100000.0,832.7999877929688,31.580995479642297,769.6379968336842,959.123969711538,True
2026-09-25 00:00:00,KABRAEXTRU,,NSE,829.8,60.52,159624477.0,50155.890216143845,,50.91799999999999,44.12318181818181,41.31136363636364,174230689.69,101832922.77272728,72868074.02075759,29227.568261962977,19778.154483046517,15198.932026963032,1.464972217637674,2.190595526849365,3.2999614793438696,,,,0.9511278195488722,0.8759398496240601,0.9661654135338346,1.0,0.9624060150375939,3.0,0.9356767919478983,31.421177477777324,3182.5669191017796,75.09415744177481,,100000.0,846.4000244140625,47.592860630580354,751.2143031529018,1036.7714669363838,
2026-09-25 00:00:00,EXHICON,,BSE,520.0,78.74,21190000.0,335205.15,,86.622,74.26227272727272,72.6528787878788,40815545.0,14965348.295454543,11358998.106060604,388973.5662647776,212512.44342312744,173856.54210168018,1.0837836203282938,1.8654814273359246,1.9280560049558269,,,,0.6954887218045113,0.8233082706766918,0.9210526315789473,1.0,0.9045112781954887,3.0,0.844533908580297,1581.9025483718735,63.215019220319256,63.60629429920917,,,519.5499877929688,17.43928963797433,484.6714085170201,589.307146344866,
2026-09-24,MGEL,INE0APB01032,NSE,16.11,96.3,53678546.64,45555.73942339374,,,,,,,,,,,1.4890461698493809,5.025401804540273,5.659263010020832,,,,,,,,,,0.5905150279602669,84.86768415865913,1178.3048046067945,65.9577087383581,13.555714470999582,100000.0,15.630000114440918,1.0371428217206682,13.555714470999582,19.77857140132359,True
2026-09-23,NATHBIOGEN,INE448G01010,NSE,142.22,97.32,14051242.56,92634.825,,,,,,,,,,,1.3044887547574464,5.88918336815678,11.34598650904994,,,,,,,,,,,659.2642935629459,151.68423495159624,75.82212361695744,139.08132535492916,100000.0,148.02000427246094,4.469339458765892,139.08132535492916,165.89736210752451,True
2026-09-21,NBIFIN,INE365I01020,NSE,1876.6,99.46,11767250.0,309551.90263157897,,,,,,,,,,,1.3817407210169252,2.6087288466897665,6.199625973191141,,,,,,,,,,,2630.6223002959823,38.01381900729291,81.18341127659103,1822.5999755859373,100000.0,1945.0,61.20001220703125,1822.5999755859373,2189.800048828125,True
