RANKED_DATE,SYMBOL,ARCHETYPE,CLOSE,AI_WIN_PROBABILITY,RULE3_SCORE,QUALITY_80,DELIV_GRADE,DELIV_PER,ATR14,ATR_PCT,Whale_Density,ENTRY_PRICE,STOP_LOSS,TAKE_PROFIT
2026-09-27,ASIANHOTNR,CLEAN_RUNNER,394.35,76.05,51.0,True,A-GRADE,63.45,23.907142857142844,6.062417359488485,19.488448844884488,394.35,358.49,466.07
2026-09-27,RPPINFRA,GRIND_COMPOUNDER,53.63,67.96,49.9,True,A-GRADE,71.45,3.1521428571428567,5.877573852587837,88.40245775729646,53.63,48.9,63.09
2026-09-27,ORICONENT,GRIND_COMPOUNDER,51.4,71.22,47.5,True,A-GRADE,63.86,2.4542857142857133,4.774874930516952,41.18122977346278,51.4,47.72,58.76
2026-09-27,KNAGRI,GRIND_COMPOUNDER,204.76,74.95,46.4,True,A-GRADE,61.08,11.051428571428572,5.397259509390786,18.401869158878505,204.76,188.18,237.91
2026-09-27,SOFTTECH,CLEAN_RUNNER,479.8,74.95,41.9,True,A-GRADE,67.13,25.860714285714284,5.389894598940034,14.494444444444444,479.8,441.01,557.38
2026-09-27,NIYOGIN,GRIND_COMPOUNDER,50.85,73.64,38.9,True,A-GRADE,61.67,,,34.620370370370374,50.85,48.18,56.19
2026-09-27,GUJAPOLLO,GRIND_COMPOUNDER,329.1,75.57,38.6,True,A-GRADE,74.93,15.860714285714282,4.819420931544904,17.862068965517242,338.1000061035156,309.1857169015067,395.9285845075335
2026-09-27,GREENPLY,UNCLASSIFIED,287.25,70.62,38.4,True,A-GRADE,69.6,10.364285714285712,3.608106427949769,60.17048131942107,287.25,271.7,318.34
2026-09-27,MRTX,GRIND_COMPOUNDER,437.75,72.73,36.5,True,A-GRADE,67.68,,,1189.4150417827298,437.75,414.77,483.71
2026-09-27,AIRFLOA,GRIND_COMPOUNDER,563.55,72.79,35.9,True,A-GRADE,69.7,,,568.9655172413793,563.55,533.96,622.72
2026-09-27,SHANKARA,GRIND_COMPOUNDER,132.98,68.01,33.1,True,A-GRADE,70.12,3.009285714285714,2.262961132715983,68.63260619977038,132.98,128.47,142.01
2026-09-27,APTUS,CLEAN_RUNNER,244.6,36.35,27.6,True,A-GRADE,62.59,8.209285714285715,3.3562083868706925,37.12209927100578,244.6,232.29,269.23
2026-09-27,DECCANCE,UNCLASSIFIED,553.55,30.59,25.3,True,A-GRADE,62.49,19.621428571428584,3.5446533414196706,24.878731343283583,553.55,524.12,612.41
2026-09-27,GGAUTO,GRIND_COMPOUNDER,205.65,41.94,23.0,True,A-GRADE,70.32,,,61.68070175438597,205.65,194.85,227.24
2026-09-27,JPOLYINVST,UNCLASSIFIED,957.05,65.96,19.0,True,A-GRADE,67.51,22.785714285714302,2.3808279907752263,9.356666666666666,957.05,922.87,1025.41
2026-09-27,ELECTHERM,GRIND_COMPOUNDER,873.35,35.3,17.0,True,A-GRADE,68.52,32.26428571428571,3.694313358251069,13.918604651162791,873.35,824.95,970.14
2026-09-27,WONDERLA,GRIND_COMPOUNDER,510.15,18.6,16.4,True,A-GRADE,71.18,13.85357142857144,2.7155878523123476,20.466101694915253,510.15,489.37,551.71
2026-09-27,KABRAEXTRU,CLEAN_RUNNER,846.4,73.73,60.2,True,B-GRADE,51.46,50.88928571428572,6.012439238455308,40.30705798900514,846.4000244140625,751.2143031529018,1036.7714669363838
2026-09-27,CORDELIA,GRIND_COMPOUNDER,105.21,77.58,57.0,True,B-GRADE,56.06,5.651428571428566,5.371569785598865,107.49692338229455,105.21,96.73,122.16
2026-09-27,SMCGLOBAL,CLEAN_RUNNER,85.6,75.07,55.7,True,B-GRADE,52.27,4.432857142857144,5.178571428571431,114.92620734063102,85.6,78.95,98.9
2026-09-27,STYLEBAAZA,CLEAN_RUNNER,375.8,73.3,51.8,True,B-GRADE,50.35,17.26428571428571,4.5940089713373355,74.69594272076372,375.8,349.9,427.59
2026-09-27,INDOSTAR,UNCLASSIFIED,218.64,76.26,48.8,True,B-GRADE,58.61,9.290000000000001,4.248993779729236,39.14127906976744,218.64,204.7,246.51
2026-09-27,AEROPLANE,CLEAN_RUNNER,209.47,70.44,46.9,True,B-GRADE,56.19,9.11428571428571,4.351117446071376,106.69966897381885,209.47,195.8,236.81
2026-09-27,DEEDEV,UNCLASSIFIED,666.2,74.62,46.0,True,B-GRADE,52.77,35.30357142857144,5.299245185915857,15.075173210161664,666.2,613.24,772.11
2026-09-27,MITCON,GRIND_COMPOUNDER,86.77,42.86,45.5,True,B-GRADE,57.78,5.2807692307692315,6.085938954441895,92.55489614243324,86.77,78.85,102.61
2026-09-27,SHUKRAPHAR,GRIND_COMPOUNDER,55.93,27.9,42.7,True,B-GRADE,52.42,2.9907142857142865,5.347245281091161,258.91846109675566,55.93,51.44,64.9
2026-09-27,BIL,UNCLASSIFIED,1010.85,68.01,42.2,True,B-GRADE,59.81,65.20357142857145,6.450370621612647,7.80865224625624,1010.85,913.04,1206.46
2026-09-27,NATHBIOGEN,GRIND_COMPOUNDER,149.35,75.82,41.8,True,B-GRADE,55.41,4.650714285714285,3.113970060739394,28.64553314121037,148.02000427246094,139.08132535492916,165.89736210752451
2026-09-27,SETL,CLEAN_RUNNER,402.55,27.44,40.8,True,B-GRADE,58.06,21.460714285714282,5.33119222101957,54.09515570934256,402.55,370.36,466.93
2026-09-27,IBULLSLTD,CLEAN_RUNNER,29.83,38.07,38.9,True,B-GRADE,55.09,1.4457142857142855,4.846511182414635,1190.6619103575626,29.83,27.07000004359654,35.349999912806915
2026-09-27,TLL,GRIND_COMPOUNDER,407.7,81.18,38.8,True,B-GRADE,75.29,,,644.8132780082988,407.7,386.3,450.51
2026-09-27,SAGCEM,CLEAN_RUNNER,152.64,72.42,37.1,True,B-GRADE,53.23,4.554285714285716,2.9836777478286924,24.35632183908045,152.64,145.81,166.3
2026-09-27,NOVUS,GRIND_COMPOUNDER,227.7,74.5,34.8,True,B-GRADE,76.05,,,1634.980988593156,227.7,215.75,251.61
2026-09-27,GNFC,CLEAN_RUNNER,630.3,55.64,34.4,True,B-GRADE,54.08,22.239285714285725,3.528365177579839,47.089405951346656,630.3,588.3613589238242,714.1772821523515
2026-09-27,REMAGNET,GRIND_COMPOUNDER,369.45,72.46,33.4,True,B-GRADE,77.12,,,48.66305418719212,369.45,350.05,408.24
2026-09-27,GTPL,CLEAN_RUNNER,56.57,34.94,32.3,True,B-GRADE,53.94,2.0857142857142876,3.686961791964447,66.69565217391305,56.57,53.44,62.83
2026-09-27,EMAMILTD,CLEAN_RUNNER,389.25,49.93,30.3,True,B-GRADE,51.98,12.64999999999999,3.24983943481053,42.85728530210455,389.25,370.28,427.2
2026-09-27,NBIFIN,UNCLASSIFIED,1926.4,81.18,28.3,True,B-GRADE,54.24,60.628571428571455,3.147247271001425,3.105263157894737,1945.0,1822.5999755859373,2189.800048828125
2026-09-27,MANORAMA,UNCLASSIFIED,1872.8,67.02,27.2,True,B-GRADE,53.8,70.74285714285718,3.7773845121132625,7.383537543198241,1872.8,1766.69,2085.03
2026-09-27,HCG,UNCLASSIFIED,698.65,72.62,26.9,True,B-GRADE,50.64,22.924999999999994,3.2813282759607807,5.248187489462148,698.65,664.26,767.42
2026-09-27,AKUMS,UNCLASSIFIED,819.55,24.92,22.1,True,B-GRADE,50.25,29.949999999999996,3.654444512232322,13.25342584562012,819.55,765.4214425223214,927.8071149553572
2026-09-27,ETERNAL,UNCLASSIFIED,335.0,75.78,39.2,False,A-GRADE,64.33,7.528571428571427,2.2473347547974405,211.1843053114121,335.0,320.6285705566406,363.7428588867188
2026-09-27,DHANWEL,GRIND_COMPOUNDER,53.3,69.13,36.4,False,A-GRADE,61.54,,,1200.0,53.3,50.5,58.9
2026-09-27,NCML,GRIND_COMPOUNDER,118.75,70.94,35.8,False,A-GRADE,66.67,,,1600.0000000000002,118.75,112.52,131.22
2026-09-27,SHAMFOAM,GRIND_COMPOUNDER,91.65,69.75,35.4,False,A-GRADE,65.71,,,1166.6666666666667,91.65,86.84,101.27
2026-09-27,JDCABLES,GRIND_COMPOUNDER,189.6,73.47,34.9,False,A-GRADE,73.91,,,862.5,189.6,179.65,209.51
2026-09-27,YAASHVI,GRIND_COMPOUNDER,80.74,70.94,34.5,False,A-GRADE,70.83,,,1600.0,80.74,76.5,89.22
2026-09-27,BHATIA,GRIND_COMPOUNDER,38.54,67.96,34.0,False,A-GRADE,66.98,,,386.9542682926829,39.09000015258789,34.772856848580496,47.72428676060268
2026-09-27,TITANBIO,GRIND_COMPOUNDER,398.7,71.85,34.0,False,A-GRADE,73.92,,,34.34027777777778,398.7,377.77,440.56
2026-09-27,HDBFS,GRIND_COMPOUNDER,648.15,82.27,33.8,False,A-GRADE,65.49,15.092857142857147,2.328605591739126,17.041164324252314,648.15,625.51,693.43
2026-09-27,ADON,GRIND_COMPOUNDER,90.05,66.97,32.8,False,A-GRADE,69.23,,,2000.0,90.05,85.32,99.51
2026-09-27,HINDPETRO,UNCLASSIFIED,351.0,63.62,32.1,False,A-GRADE,65.34,8.39999999999999,2.39316239316239,131.9946485623003,351.0,338.4,376.2
2026-09-27,INDUSTOWER,GRIND_COMPOUNDER,374.65,36.35,25.2,False,A-GRADE,63.4,8.482142857142865,2.264017845226976,86.36623179079155,384.3500061035156,361.9149984687284,400.1
2026-09-27,UTIAMC,CLEAN_RUNNER,901.85,70.96,22.4,False,A-GRADE,60.39,19.357142857142872,2.1463816440808197,6.931325937665082,901.85,872.81,959.92
2026-09-27,SUNDRMFAST,UNCLASSIFIED,1178.9,61.55,21.5,False,A-GRADE,61.49,45.07857142857142,3.823782460647334,6.493255131964809,1178.9,1111.28,1314.14
2026-09-27,TORNTPHARM,CLEAN_RUNNER,4988.5,61.08,21.3,False,A-GRADE,65.31,102.21428571428571,2.0489984106301637,15.758385979213369,4988.5,4835.18,5295.14
2026-09-27,DIVISLAB,CLEAN_RUNNER,9619.5,67.17,18.9,False,A-GRADE,69.03,207.67857142857142,2.1589331194820045,8.927794104141794,9619.5,9307.98,10242.54
2026-09-27,VENTIVE,GRIND_COMPOUNDER,565.05,34.98,18.6,False,A-GRADE,62.87,16.428571428571438,2.9074544604143773,19.91616766467066,565.05,540.41,614.34
2026-09-27,PAYTM,GRIND_COMPOUNDER,1674.0,78.11,50.7,False,B-GRADE,50.3,66.3928571428572,3.966120498378566,33.3473124516628,1674.0,1542.6428745814733,1936.7142508370532
2026-09-27,SBICARD,GRIND_COMPOUNDER,611.2,83.42,47.7,False,B-GRADE,50.66,18.339285714285698,3.0005375841436024,34.580927753443454,611.2,583.69,666.22
2026-09-27,MOTHERSON,CLEAN_RUNNER,165.71,70.21,40.2,False,B-GRADE,51.2,3.674285714285712,2.217298723242841,257.49619355888683,162.5,155.76286424909318,176.73
2026-09-27,RECLTD,CLEAN_RUNNER,312.95,72.75,39.8,False,B-GRADE,56.93,4.899999999999993,1.5657453267295074,156.3845011638173,312.95,305.6,327.65
2026-09-27,GMRAIRPORT,CLEAN_RUNNER,97.95,69.16,38.3,False,B-GRADE,55.53,2.595000000000002,2.6493108728943358,245.4388035059606,93.62999725341795,93.70928737095424,105.74
2026-09-27,RELIGARE,CLEAN_RUNNER,242.27,60.95,35.5,False,B-GRADE,51.08,7.408571428571425,3.0579813549227826,53.77301627670397,242.27,231.16,264.5
2026-09-27,DLF,CLEAN_RUNNER,683.0,60.82,34.8,False,B-GRADE,51.97,16.142857142857142,2.3635222756745446,72.81471367434277,683.0,658.79,731.43
2026-09-27,ORGANICREC,GRIND_COMPOUNDER,197.45,62.56,34.8,False,B-GRADE,55.08,,,1031.0679611650485,197.45,187.08,218.18
2026-09-27,BAJAJFINSV,CLEAN_RUNNER,1771.0,72.63,33.2,False,B-GRADE,58.7,37.45714285714285,2.115027829313543,20.935630420673785,1771.0,1714.81,1883.37
2026-09-27,HORIZON,GRIND_COMPOUNDER,137.15,65.9,30.0,False,B-GRADE,76.19,,,1239.344262295082,137.15,129.95,151.55
2026-09-27,ABCAPITAL,CLEAN_RUNNER,390.0,33.5,29.1,False,B-GRADE,50.86,9.900000000000002,2.538461538461539,95.08412215850204,390.0,375.15,419.7
2026-09-27,GESHIP,CLEAN_RUNNER,1497.2,65.09,29.0,False,B-GRADE,56.63,34.228571428571435,2.28617228350063,19.9224969314396,1497.2,1434.2000174386162,1623.199965122768
2026-09-27,ONGC,GRIND_COMPOUNDER,235.86,49.21,28.2,False,B-GRADE,53.71,4.375714285714289,1.8552167750844946,73.12540954030453,235.86,229.3,248.99
2026-09-27,MARICO,CLEAN_RUNNER,819.0,37.12,28.1,False,B-GRADE,53.27,16.38214285714285,2.000261643118785,29.67129032258065,819.0,794.43,868.15
2026-09-27,LENSKART,CLEAN_RUNNER,680.25,47.4,27.9,False,B-GRADE,55.41,20.65357142857143,3.0361736756444584,30.88694441553034,680.25,649.27,742.21
2026-09-27,DABUR,CLEAN_RUNNER,385.6,41.52,27.3,False,B-GRADE,56.69,7.524999999999993,1.9515041493775915,45.9892028792322,385.6,374.31,408.18
2026-09-27,BHARATFORG,CLEAN_RUNNER,2008.0,60.87,26.6,False,B-GRADE,57.33,52.58571428571429,2.61881047239613,20.23472431954624,2008.0,1929.12,2165.76
2026-09-27,GRASIM,CLEAN_RUNNER,3191.0,49.61,26.3,False,B-GRADE,59.7,52.62142857142859,1.649057617406098,34.392253646389186,3278.699951171875,3097.5315410989324,3348.86
2026-09-27,PETRONET,CLEAN_RUNNER,286.5,43.08,26.3,False,B-GRADE,59.97,5.989285714285708,2.0905011219147323,54.98213839620285,286.5,277.52,304.47
2026-09-27,THYROCARE,CLEAN_RUNNER,566.85,66.78,25.3,False,B-GRADE,59.51,15.160714285714269,2.674554870903108,14.338210841370136,566.85,544.11,612.33
2026-09-27,PHOENIXLTD,CLEAN_RUNNER,1978.4,60.56,25.1,False,B-GRADE,56.11,50.19285714285713,2.537042920686268,17.64560815953722,1978.4,1903.11,2128.98
2026-09-27,HEROMOTOCO,CLEAN_RUNNER,5360.0,66.21,24.6,False,B-GRADE,50.85,102.42857142857143,1.9109808102345416,9.73637515842839,5360.0,5206.36,5667.29
2026-09-27,CPPLUS,UNCLASSIFIED,3687.5,23.41,22.5,False,B-GRADE,53.85,171.84285714285713,4.660145278450363,6.534874561852625,3687.5,3429.74,4203.03
2026-09-27,IPCALAB,UNCLASSIFIED,1970.8,62.19,22.1,False,B-GRADE,55.08,48.67857142857148,2.4699904317318593,11.335610552547909,1970.8,1897.78,2116.84
2026-09-27,COLPAL,CLEAN_RUNNER,1855.8,33.11,20.2,False,B-GRADE,54.97,41.628571428571426,2.2431604390867244,18.544915429042906,1855.8,1793.36,1980.69
2026-09-27,PIIND,CLEAN_RUNNER,2400.0,54.47,19.9,False,B-GRADE,58.57,64.66428571428573,2.6943452380952384,16.11373398303555,2400.0,2303.0,2593.99
2026-09-27,APOLLOTYRE,CLEAN_RUNNER,400.1,32.17,19.2,False,B-GRADE,52.5,11.064285714285717,2.7653800835505415,15.89284818067754,400.1,383.5,433.29
2026-09-27,ANURAS,CLEAN_RUNNER,1192.4,30.51,18.8,False,B-GRADE,58.27,36.22857142857145,3.0382901231609734,17.635905511811025,1192.4,1138.06,1301.09
2026-09-27,ENDURANCE,UNCLASSIFIED,2645.9,64.76,18.2,False,B-GRADE,59.78,74.64285714285711,2.8210762743435924,5.486077481840194,2645.9,2533.94,2869.83
2026-09-27,MANKIND,UNCLASSIFIED,2474.9,36.94,16.6,False,B-GRADE,58.61,57.878571428571476,2.338622628331305,14.87052795722878,2474.9,2388.08,2648.54
2026-09-27,SINTERCOM,GRIND_COMPOUNDER,77.93,81.18,62.7,False,C-GRADE,87.69,5.6350000000000025,7.230848197099964,33.010416666666664,81.43000030517578,71.18928800310407,94.84
2026-09-27,MGEL,UNCLASSIFIED,15.99,74.09,57.3,False,C-GRADE,86.35,1.1169230769230767,6.985134940106796,1001.2767885035928,15.630000114440918,13.555714470999582,19.77857140132359
2026-09-27,ONIXSOLAR,GRIND_COMPOUNDER,337.85,52.63,45.0,False,C-GRADE,100.0,23.364285714285717,6.915579610562592,223.4520547945205,337.85,304.07,407.94
2026-09-27,ENERGYINF,GRIND_COMPOUNDER,73.73,81.18,37.3,False,C-GRADE,90.48,,,25000.0,73.73,69.86,81.47
2026-09-27,HIMTEK,GRIND_COMPOUNDER,265.3,81.18,37.3,False,C-GRADE,100.0,,,134.55102040816328,265.3,251.37,293.16
2026-09-27,PURSHOTTAM,GRIND_COMPOUNDER,34.5,81.18,37.3,False,C-GRADE,99.98,,,20629.166666666668,34.5,32.69,38.12
2026-09-27,QUESTFLOW,GRIND_COMPOUNDER,167.3,81.18,37.3,False,C-GRADE,92.39,,,836.3636363636364,167.3,158.52,184.87
2026-09-27,MARBLE,GRIND_COMPOUNDER,163.8,76.82,34.9,False,C-GRADE,100.0,,,188.775,163.8,155.2,181.0
2026-09-27,NATFIT,GRIND_COMPOUNDER,305.95,75.82,34.3,False,C-GRADE,100.0,,,73.77358490566037,305.95,289.89,338.07
2026-09-27,JOJO,GRIND_COMPOUNDER,225.7,75.57,34.2,False,C-GRADE,100.0,,,33.411764705882355,225.7,213.85,249.4
2026-09-27,BRGIL,GRIND_COMPOUNDER,187.8,74.03,33.4,False,C-GRADE,100.0,,,1125.0,185.0500030517578,167.35357775006975,207.52
2026-09-27,GOELCONS,GRIND_COMPOUNDER,390.05,72.52,32.5,False,C-GRADE,100.0,,,400.0,390.05,369.57,431.01
2026-09-27,PESB,GRIND_COMPOUNDER,255.0,71.17,31.8,False,C-GRADE,82.61,,,920.0,255.0,241.61,281.77
2026-09-27,KRISHIVAL,UNCLASSIFIED,413.4,70.65,31.5,False,C-GRADE,87.39,6.342857142857143,1.5343147418619119,31.613259668508288,413.4,403.89,432.43
2026-09-27,GALAGEX,GRIND_COMPOUNDER,96.8,70.18,31.2,False,C-GRADE,100.0,,,870.1538461538462,96.88999938964844,77.37856892177037,106.96
2026-09-27,EXHICON,GRIND_COMPOUNDER,519.55,69.9,31.1,False,C-GRADE,83.27,,,607.1428571428572,519.5499877929688,484.6714085170201,589.307146344866
2026-09-27,KALIND,GRIND_COMPOUNDER,4.4,69.94,31.1,False,C-GRADE,84.09,,,8869.142295597485,4.4,4.17,4.86
2026-09-27,GUJJUBHAI,GRIND_COMPOUNDER,118.65,69.65,30.9,False,C-GRADE,93.01,,,130.3695652173913,99.9499969482422,97.125004359654,131.11
2026-09-27,KATIPATANG,GRIND_COMPOUNDER,12.69,69.18,30.7,False,C-GRADE,88.15,,,729.4380952380951,12.69,12.02,14.02
2026-09-27,TIERRA,GRIND_COMPOUNDER,44.62,66.66,29.3,False,C-GRADE,86.1,,,386.7641509433962,44.62,42.28,49.31
2026-09-27,RAJSEC,GRIND_COMPOUNDER,58.8,64.27,27.9,False,C-GRADE,100.0,,,730.1111111111111,58.8,55.71,64.97
2026-09-27,PRARUH,GRIND_COMPOUNDER,163.15,64.08,27.8,False,C-GRADE,100.0,,,2000.0,163.15,154.58,180.28
2026-09-27,SANJIVIN,GRIND_COMPOUNDER,169.05,78.53,27.5,False,C-GRADE,90.49,,,17.53333333333333,169.05,160.17,186.8
2026-09-27,KINETICENG,GRIND_COMPOUNDER,232.05,62.83,27.1,False,C-GRADE,100.0,,,180.2512077294686,232.05,219.87,256.42
2026-09-27,ACESOFT,GRIND_COMPOUNDER,202.05,62.43,26.9,False,C-GRADE,100.0,,,230.81557377049177,202.05,191.44,223.27
2026-09-27,CHANDRIMA,GRIND_COMPOUNDER,12.48,65.96,26.8,False,C-GRADE,100.0,,,26.946428571428573,12.48,11.82,13.79
2026-09-27,IIRM,GRIND_COMPOUNDER,127.75,60.73,26.0,False,C-GRADE,100.0,,,534.1428571428571,127.75,121.04,141.16
2026-09-27,SPICELOUNG,GRIND_COMPOUNDER,34.23,59.47,25.3,False,C-GRADE,100.0,,,482.8110236220473,34.23,32.43,37.82
2026-09-27,SHYAMMETL,GRIND_COMPOUNDER,1085.6,29.13,20.6,False,C-GRADE,81.99,33.61428571428572,3.0963785661648604,62.5355480321625,1085.6,1035.18,1186.44
2026-09-27,SAPL,UNCLASSIFIED,8024.1,76.34,16.2,False,C-GRADE,100.0,,,2.3617021276595747,8024.1,7602.83,8866.63
2026-09-27,INDOTHAI,CLEAN_RUNNER,31.86,72.43,70.8,False,RETAIL,44.84,2.4085714285714284,7.559860102232983,278.1696284329564,31.86,28.67,39.09
2026-09-27,POLICYBZR,GRIND_COMPOUNDER,1166.0,30.46,64.5,False,RETAIL,33.5,112.75000000000001,9.669811320754718,52.70176201126522,1166.0,1049.4,1504.25
2026-09-27,CONFIPET,CLEAN_RUNNER,88.28,76.16,62.9,False,RETAIL,38.86,4.933571428571431,5.588549420674481,70.6597574082604,88.28,80.88,103.08
2026-09-27,LALITHAA,GRIND_COMPOUNDER,366.35,71.92,56.1,False,RETAIL,40.27,18.028571428571432,4.921133186453236,93.91632061919604,320.1000061035156,339.0607169015067,420.44
2026-09-27,EMIL,CLEAN_RUNNER,200.22,65.44,55.2,False,RETAIL,34.24,10.104285714285714,5.046591606375843,91.67758039857672,200.22,185.06,230.53
2026-09-27,CMPDI,CLEAN_RUNNER,210.2,74.03,54.3,False,RETAIL,40.08,9.269285714285717,4.409745820307192,71.78193436730348,210.2,196.3,238.01
2026-09-27,SINDHUTRAD,CLEAN_RUNNER,23.75,72.94,53.5,False,RETAIL,42.1,1.0664285714285715,4.490225563909775,375.442872687704,24.979999542236328,22.39500154767717,26.95
2026-09-27,STLNETWORK,CLEAN_RUNNER,54.61,73.0,52.5,False,RETAIL,39.71,2.284285714285715,4.182907369136999,551.161205203731,36.59999847412109,47.88785770961216,61.46
2026-09-27,AVALON,UNCLASSIFIED,2328.5,64.91,51.8,False,RETAIL,31.81,156.30714285714288,6.712782600693274,9.30368386266393,2328.5,2095.65,2797.42
2026-09-27,SWIGGY,UNCLASSIFIED,264.85,72.08,49.7,False,RETAIL,34.24,9.328571428571422,3.522209336821379,157.3617565551055,264.85,250.86,292.84
2026-09-27,ALGOQUANT,GRIND_COMPOUNDER,72.28,37.82,48.8,False,RETAIL,17.92,3.297142857142858,4.561625424934778,282.3969560878244,72.28,65.66571384974888,85.50857230050224
2026-09-27,SHINDL,GRIND_COMPOUNDER,161.16,73.64,47.5,False,RETAIL,38.46,5.21642857142857,3.2368010495337365,253.7205770690964,161.16,153.34,176.81
2026-09-27,CARBORUNIV,CLEAN_RUNNER,1278.5,74.06,46.9,False,RETAIL,29.5,58.69285714285716,4.590759260293872,12.31210895641052,1106.699951171875,1213.7785906110491,1454.58
2026-09-27,WINDMACHIN,CLEAN_RUNNER,299.5,68.6,46.0,False,RETAIL,44.4,11.232142857142849,3.7502981159074618,34.37986577181208,299.5,282.65,333.2
2026-09-27,STEELCAS,UNCLASSIFIED,376.5,42.69,44.4,False,RETAIL,31.41,17.060714285714287,4.5313982166571805,32.803467680608364,376.5,341.72857666015625,446.0428466796875
2026-09-27,ITCONS,UNCLASSIFIED,282.15,74.7,43.5,False,RETAIL,48.84,,,245.7142857142857,299.5,235.4225366253104,311.78
2026-09-27,HRS,UNCLASSIFIED,258.8,65.74,43.0,False,RETAIL,34.27,,,1737.7777777777778,258.8,245.21,285.97
2026-09-27,ICICIPRULI,UNCLASSIFIED,463.0,63.08,43.0,False,RETAIL,41.33,16.735714285714277,3.614625115705027,33.1836088846825,463.0,437.9,513.21
2026-09-27,ANANTRAJ,GRIND_COMPOUNDER,617.4,64.42,40.6,False,RETAIL,42.62,19.450000000000014,3.1503077421444794,49.899966697194245,617.4,588.22,675.75
2026-09-27,KTKBANK,GRIND_COMPOUNDER,335.5,65.55,39.1,False,RETAIL,46.38,9.982142857142852,2.975303385139449,46.95680971436456,335.5,320.53,365.45
2026-09-27,JSWCEMENT,CLEAN_RUNNER,115.47,65.78,38.8,False,RETAIL,47.74,2.298571428571427,1.990622177683751,34.229556801812514,115.47,112.02,122.37
2026-09-27,KNRCON,CLEAN_RUNNER,120.27,22.16,38.3,False,RETAIL,43.86,5.0128571428571425,4.168002945753008,92.99848960148717,120.27,111.57072479844324,137.6685504031135
2026-09-27,OFSS,CLEAN_RUNNER,10770.0,62.64,34.3,False,RETAIL,15.89,369.35714285714283,3.4294999336782066,7.0383984924558245,10770.0,10215.96,11878.07
2026-09-27,SUDARSCHEM,UNCLASSIFIED,1218.9,69.36,34.0,False,RETAIL,47.78,47.97857142857145,3.9362188390000363,11.374780806631597,1218.9,1146.93,1362.84
2026-09-27,ANTHEM,GRIND_COMPOUNDER,873.6,64.16,33.3,False,RETAIL,49.39,31.407142857142837,3.5951399790685485,18.42276382653313,873.6,826.49,967.82
2026-09-27,BLUESTARCO,CLEAN_RUNNER,1565.0,63.89,33.1,False,RETAIL,44.61,49.62857142857144,3.171154723870379,19.96059853861483,1565.0,1465.6000279017858,1763.799944196429
2026-09-27,CEMPRO,UNCLASSIFIED,1257.2,65.99,32.1,False,RETAIL,47.57,49.79285714285719,3.9606154265715223,11.04568023833168,1257.2,1182.51,1406.58
2026-09-27,SAMMAANCAP,CLEAN_RUNNER,140.61,45.17,31.5,False,RETAIL,43.32,4.134285714285712,2.9402501346175316,165.83562169947191,140.61,134.41,153.01
2026-09-27,DRAGARWQ,UNCLASSIFIED,5209.0,69.9,31.1,False,RETAIL,18.32,153.60714285714286,2.948879686257302,1.1698685540950455,5269.5,4964.142857142857,5880.214285714285
2026-09-27,TATAPOWER,CLEAN_RUNNER,367.5,46.11,31.1,False,RETAIL,44.56,7.421428571428578,2.01943634596696,70.83813701775246,367.5,356.37,389.76
2026-09-27,TBOTEK,CLEAN_RUNNER,1696.9,78.57,31.0,False,RETAIL,47.82,50.39285714285716,2.969701051497269,7.553377218088151,1696.9,1621.31,1848.08
2026-09-27,LAURUSLABS,UNCLASSIFIED,2007.0,38.93,30.4,False,RETAIL,46.79,51.36428571428572,2.559256886611147,35.010244707710235,2007.0,1907.099958147321,2206.8000837053573
2026-09-27,TATASTEEL,GRIND_COMPOUNDER,187.97,49.66,30.4,False,RETAIL,46.68,4.82571428571429,2.5672789730884134,174.92835834039695,186.3000030517578,180.7385689871652,202.45
2026-09-27,HYUNDAI,CLEAN_RUNNER,2115.0,46.94,29.9,False,RETAIL,34.83,54.807142857142935,2.5913542722053395,23.710742534796736,2115.0,2032.79,2279.42
2026-09-27,VEDL,CLEAN_RUNNER,266.35,48.47,29.5,False,RETAIL,49.73,7.153571428571435,2.68577864785862,91.31395067112469,266.35,255.62,287.81
2026-09-27,TVSHLTD,CLEAN_RUNNER,12601.0,76.06,29.3,False,RETAIL,44.88,430.42857142857144,3.415828675728684,2.062629043358569,12601.0,11955.36,13892.29
2026-09-27,PIDILITIND,CLEAN_RUNNER,1517.2,62.41,29.0,False,RETAIL,44.03,33.5357142857143,2.2103687243418335,16.232825904663613,1517.2,1466.9,1617.81
2026-09-27,GVPIL,UNCLASSIFIED,669.7,18.6,28.6,False,RETAIL,45.92,28.549999999999994,4.263102881887411,15.614066726780884,669.7,626.88,755.35
2026-09-27,STOVEKRAFT,UNCLASSIFIED,814.4,63.16,28.2,False,RETAIL,42.62,25.542857142857137,3.136401908504069,12.636149682278184,814.4,776.09,891.03
2026-09-27,JKCEMENT,UNCLASSIFIED,5000.0,71.88,25.9,False,RETAIL,45.11,153.67857142857142,3.0735714285714284,3.6607279987713097,5000.0,4769.48,5461.04
2026-09-27,PFIZER,UNCLASSIFIED,4000.8,73.3,23.9,False,RETAIL,49.4,95.5428571428572,2.388093809809468,2.1553795740032773,4000.8,3857.49,4287.43
2026-09-27,ALKEM,UNCLASSIFIED,5274.0,65.86,23.8,False,RETAIL,40.62,130.92857142857142,2.482528847716561,4.026054069197366,5175.0,4987.142857142857,5550.714285714285
2026-09-27,PNBHOUSING,CLEAN_RUNNER,1094.9,39.37,21.6,False,RETAIL,45.02,35.771428571428565,3.267095494696188,13.562981830531498,1094.9,1041.24,1202.21
2026-09-27,DISAQ,UNCLASSIFIED,11773.0,68.08,20.6,False,RETAIL,49.09,309.0,2.624649622016478,1.3095238095238095,11773.0,11309.5,12700.0
2026-09-27,THERMAX,CLEAN_RUNNER,3447.2,60.43,19.0,False,RETAIL,49.31,104.71428571428571,3.037662036269602,5.0499681956322,3447.2,3290.13,3761.34
2026-09-27,PAGEIND,CLEAN_RUNNER,37695.0,57.27,18.8,False,RETAIL,37.01,920.3571428571429,2.4415894491501335,2.032991587802313,35240.0,34560.205363141664,40456.07
2026-09-27,SUPREMEIND,CLEAN_RUNNER,3550.0,45.44,17.3,False,RETAIL,37.27,93.49285714285715,2.6336016096579478,5.8579453836150845,3550.0,3409.76,3830.48
2026-09-27,LGEINDIA,CLEAN_RUNNER,1725.4,49.72,16.7,False,RETAIL,48.46,40.749999999999986,2.3617711834936816,10.25813796788959,1725.4,1664.28,1847.65
2026-09-27,GLAXO,UNCLASSIFIED,2815.7,48.77,13.7,False,RETAIL,45.42,81.13571428571436,2.8815468368687847,4.274596998332407,2815.7,2694.0,3059.11
2026-09-27,SHREECEM,CLEAN_RUNNER,22520.0,50.0,13.0,False,RETAIL,42.47,488.2142857142857,2.1679142349657448,1.874675565443085,22520.0,21787.68,23984.64
