DATE,SYMBOL,ISIN,EXCHANGE,CLOSE,DELIV_PER,DELIVERY_TURNOVER,TOTAL_TURNOVER,VOLUME,VWAP,VWAP_1M,WHALE_DENSITY,WHALE_DENSITY_1M,ATW,EVER_100_DELIV,DELIV_PER_1W,DELIV_PER_1M,DELIV_PER_3M,DELIVERY_TURNOVER_1W,DELIVERY_TURNOVER_1M,DELIVERY_TURNOVER_3M,ATW_1W,ATW_1M,ATW_3M,OPEN_PRICE,HIGH_PRICE,LOW_PRICE,CLOSE_PRICE,AVG_PRICE,DELIV_QTY,CDH,VWAP_DIV,ATR14,Whale_Density,AI_WIN_PROBABILITY,ENTRY_PRICE,STOP_LOSS,TAKE_PROFIT,MKTCAP_CR,TIER,ATR_PCT,QUALITY_80,DELIV_GRADE,ARCHETYPE,RULE3_SCORE,RANKED_DATE
2026-09-30,INDOTHAI,INE337M01021,NSE,33.52,68.71,10413055.04,15045008.99,452135,33.27547964656574,38.09641543669033,278.23692307692306,555.1283287492612,9258.467070769231,False,49.74,69.4809090909091,63.96303030303031,24885424.396,58702518.36318181,85887310.45878786,10836.202029138843,21148.399432707454,25468.564889983667,32.4,33.52,32.39,33.52,33.28,310652.0,1.0,0.7211538461538547,2.4007142857142845,278.23692307692306,72.43,33.52,30.17,40.72,452.0,MICRO,7.162035458574834,True,A-GRADE,CLEAN_RUNNER,61.0,2026-09-30
2026-09-30,SINTERCOM,INE129Z01016,NSE,79.91,73.94,65526.2,88540.89,1109,79.83849413886384,79.63190362600311,33.60606060606061,263.8683074754396,2683.057272727273,False,85.05199999999999,79.18909090909091,82.48742424242424,923911.282,1242898.7718181815,2346025.5569696967,14710.42208608659,21012.33563084076,24705.825730623197,80.3,80.3,77.01,79.91,79.84,820.0,0.8814589665653491,0.08767535070139942,5.270000000000001,33.60606060606061,81.18,81.43000030517578,71.18928800310407,95.72,222.0,MICRO,6.594919284194721,True,A-GRADE,CLEAN_RUNNER,60.8,2026-09-30
2026-09-30,KNAGRI,INE0KNW01016,NSE,198.13,66.43,430932.75,648773.56,3274,198.159303604154,202.67685229430865,36.78651685393258,36.70008000208369,7289.590561797753,False,74.868,69.92909090909092,72.20803030303031,969193.012,1158809.717727273,2325636.158030303,6580.781352338151,7438.256693771626,10283.62642871564,204.9,204.9,192.0,198.13,198.16,2175.0,0.47519379844961185,-0.015139281388776293,12.031428571428567,36.78651685393258,74.95,198.13,180.08,234.22,498.0,MICRO,6.072492086725164,True,A-GRADE,UNCLASSIFIED,56.5,2026-09-30
2026-09-30,RPPINFRA,INE324L01013,NSE,51.49,64.83,1347287.34,2081688.0,40361,51.57672010108768,57.09563819123138,70.19304347826088,119.8087151060248,3620.3269565217392,False,62.194,60.89909090909091,67.05454545454546,1203351.88,5089194.300909091,8330595.295909092,3077.4287291502524,6840.55504984991,8832.743373648727,50.2,52.28,50.2,51.49,51.58,26166.0,0.6201923076923078,-0.1744862349747911,3.1985714285714293,70.19304347826088,67.96,51.49,46.69,61.09,268.0,MICRO,6.2120245262603015,True,A-GRADE,UNCLASSIFIED,54.0,2026-09-30
2026-09-30,CORDELIA,INE0LZF01039,NSE,102.59,65.44,42306782.33,64979104.05,630212,103.10673876409842,107.89464611191036,110.64115168539328,174.81717879341556,11407.848323384833,False,50.822,52.65318181818182,41.358281250000005,56286101.07600001,110369911.315,171859545.35671875,11471.059252190678,18861.83764019813,25418.1611433169,103.46,105.16,102.3,102.59,103.11,412387.0,0.1013986013986036,-0.5043157792648634,5.210714285714282,110.64115168539328,77.58,102.59,94.77,118.22,7522.0,MID,5.079163939676656,True,A-GRADE,GRIND_COMPOUNDER,52.3,2026-09-30
2026-09-30,KABRAEXTRU,INE900B01029,NSE,805.55,63.6,113444800.95,179497358.7,221415,810.6829198563782,693.1097678732407,20.81554949703864,30.691824045617384,16874.81044467425,False,53.5,44.59318181818181,41.68272727272728,200047804.84,107345294.4181818,75169195.29893939,36490.6793721743,21272.80303986421,15828.507688506235,835.0,838.9,788.35,805.55,810.68,140829.0,0.3402571711177042,-0.6328020920708499,51.06428571428571,20.81554949703864,73.73,846.4000244140625,751.2143031529018,1036.7714669363838,3108.0,SMALLISH,6.3390584959699225,True,A-GRADE,GRIND_COMPOUNDER,52.2,2026-09-30
2026-09-30,GNFC,INE113A01013,NSE,604.4,66.75,392919835.6,594608042.25,973991,610.4861772336706,594.0990128613994,47.86666994299193,36.65061466255679,29221.940350402987,False,46.622,47.07590909090909,48.67378787878788,341010610.16,268668062.6568182,169924396.12121215,23332.66808255728,21774.09399178852,17344.81010944453,611.0,621.7,603.0,604.4,610.49,650099.0,0.07486631016042641,-0.9975593375812886,22.989285714285725,47.86666994299193,82.5,604.4,561.9142996651785,689.3714006696429,8797.0,MID,3.8036541552425094,True,A-GRADE,GRIND_COMPOUNDER,47.0,2026-09-30
2026-09-30,SINDHUTRAD,INE325D01025,NSE,22.89,61.18,2169102.18,3560108.09,154892,22.98445426490716,24.652585206691164,349.6433408577878,1250.184085627686,8036.361376975169,False,42.868,51.07818181818183,53.01303030303031,2407421.402,31103332.25545454,25159920.917121217,6751.473300897839,30820.26969498581,18774.323895138048,22.92,23.27,22.7,22.89,22.98,94762.0,0.3333333333333354,-0.3916449086161844,0.9585714285714287,349.6433408577878,72.94,24.979999542236328,22.39500154767717,25.77,3772.0,SMALLISH,4.187730137926731,True,A-GRADE,GRIND_COMPOUNDER,45.8,2026-09-30
2026-09-30,MGEL,INE0APB01032,NSE,15.89,72.47,2706956.8400000003,3755504.95,235063,15.97658904208659,15.544557965797784,506.60129310344826,1181.3372961961454,8093.760668103449,False,80.764,75.16318181818183,65.27833333333332,27354824.886,29124754.58545454,12193680.311060606,26306.76093421108,18363.366077879808,8952.488543360372,16.14,16.19,15.61,15.89,15.98,170356.0,0.4827586206896556,-0.563204005006257,0.8214285714285715,506.60129310344826,65.96,15.630000114440918,13.555714470999582,19.77857140132359,517.0,MICRO,5.1694686685246785,True,A-GRADE,UNCLASSIFIED,44.2,2026-09-30
2026-09-30,TIERRA,INE05CY01014,BSE,41.77,64.29,608254.74,951673.0,22650,42.016467991169975,53.44366139619517,266.47058823529414,265.19187520083545,11196.152941176471,False,84.318,70.72318181818183,78.2259090909091,877085.5319999999,1664917.0090909093,1152219.6425757576,9512.431614872785,14172.824783255495,14292.21805572734,,,,,,,,,,266.47058823529414,81.18,41.77,39.58,46.16,405.0,MICRO,,True,A-GRADE,GRIND_COMPOUNDER,42.2,2026-09-30
2026-09-30,REMAGNET,INE519N01022,BSE,397.85,60.66,28968254.200000003,47249112.0,120023,393.6671471301334,1662.4250686712935,71.74118350268978,32.91647474994256,28242.147041243275,False,67.55600000000001,68.66136363636362,76.99157894736842,18343692.01,16407418.668181818,13901127.185964912,25684.2518860508,54721.17279659016,50155.32895936691,,,,,,,,,,71.74118350268978,72.46,397.85,376.96,439.62,4540.0,SMALLISH,,True,A-GRADE,GRIND_COMPOUNDER,38.5,2026-09-30
2026-09-30,NOVUS,INE1TFS01019,BSE,223.45,66.52,33740950.0,50432500.0,227000,222.16960352422907,209.159967948718,1312.1387283236995,1504.6134290257253,291517.34104046243,False,74.102,79.0290909090909,82.30045454545454,31253550.0,22216095.454545453,11261110.606060604,301793.1238181524,314704.89659023134,248985.98858813895,,,,,,,,,,1312.1387283236995,74.5,223.45,211.72,246.91,320.0,MICRO,,True,A-GRADE,GRIND_COMPOUNDER,37.8,2026-09-30
2026-09-30,SHANKARA,INE274V01019,NSE,126.48,62.42,3142395.6,5106562.98,39804,128.29270877298765,146.95832781711871,45.23181818181818,164.73277848906446,5802.912477272728,False,63.102,73.61181818181818,69.68590909090909,3428626.0700000003,12822605.935909092,16773970.491818182,6026.372748839302,24208.853663420738,21380.751186578,133.9,133.9,125.0,126.48,128.29,24845.0,0.16629213483146102,-1.4108660067035483,4.213571428571426,45.23181818181818,68.01,126.48,120.16,139.12,359.0,MICRO,3.3314132104454663,True,A-GRADE,GRIND_COMPOUNDER,37.5,2026-09-30
2026-09-30,AIRFLOA,INE0XBS01012,BSE,528.35,65.5,138427700.0,210823325.0,400000,527.0583125,523.8939577533978,1169.5906432748536,667.6947530794243,616442.4707602339,False,62.312,57.518636363636354,62.57590909090909,33104115.0,39919048.86363637,28756230.303030305,385247.4530207265,349801.2467619573,252726.7746846708,,,,,,,,,,1169.5906432748536,72.79,528.35,500.61,583.83,1168.0,MICRO,,True,A-GRADE,GRIND_COMPOUNDER,37.2,2026-09-30
2026-09-30,KALIND,INE377D01026,BSE,4.18,65.78,19966024.98,30212654.0,7261099,4.160892724365829,4.7834434422217535,4696.700517464425,6376.440746368236,19542.467011642948,True,71.146,75.8790909090909,91.9581818181818,31103603.947999995,50413042.39181819,30684600.09151515,20576.64981962115,30501.34367293072,29485.862057403083,,,,,,,,,,4696.700517464425,69.94,4.18,3.96,4.62,455.0,MICRO,,True,A-GRADE,GRIND_COMPOUNDER,35.5,2026-09-30
2026-09-30,MAXIMUS,INE544W01021,BSE,14.99,69.71,493965.47,697601.0,47272,14.757171264173294,14.668185425208303,482.3673469387755,741.4288924401177,7118.377551020408,False,76.98600000000002,76.15272727272726,77.01181818181819,763407.8,1137852.206363636,728389.6863636363,7448.869837146721,10875.41647391847,7425.616863992395,,,,,,,,,,482.3673469387755,70.05,14.99,14.2,16.56,204.0,MICRO,,True,A-GRADE,GRIND_COMPOUNDER,34.4,2026-09-30
2026-09-30,NIYOGIN,INE480D01010,BSE,52.13,61.95,1748075.29,2828030.0,54132,52.24322027636149,54.93584182232792,23.322705730288668,167.75758684974008,1218.4532529082292,False,65.03,68.08363636363634,76.21878787878788,1656645.5799999998,2780095.9681818183,3837341.512575757,2637.248690781,9215.904255672758,12517.25246340914,,,,,,,,,,23.322705730288668,73.64,52.13,49.39,57.6,640.0,MICRO,,True,A-GRADE,GRIND_COMPOUNDER,34.3,2026-09-30
2026-09-30,BIL,INE828A01016,NSE,995.1,69.8,4926740.100000001,7070423.15,7093,996.8170238263076,1010.5281612624224,16.08390022675737,15.52529383655846,16032.705555555556,False,70.846,62.355,71.10333333333334,4116297.71,11809098.154545454,7176578.505303031,11310.819384755789,15688.74663371624,17355.66251095985,1030.0,1030.0,952.95,995.1,996.82,4951.0,0.5470473718364699,-0.17254870488152552,62.817857142857164,16.08390022675737,30.59,995.1,900.87,1183.55,1217.0,MICRO,6.312718032645679,True,A-GRADE,UNCLASSIFIED,33.8,2026-09-30
2026-09-30,KRISHIVAL,INE0GGO01015,NSE,401.85,73.93,4460133.15,6090920.7,15013,405.7097648704456,414.01100962445054,29.322265625,48.36753639417842,11896.3294921875,False,81.814,79.72727272727273,81.3209090909091,19808417.94,8919370.493181817,9476486.316666668,35997.902137688485,20024.69257560117,21704.81180925093,414.0,415.25,400.25,401.85,405.71,11099.0,0.10666666666666819,-0.9514185008996479,6.5857142857142845,29.322265625,70.65,401.85,391.97,421.61,1171.0,MICRO,1.6388488952878648,True,A-GRADE,GRIND_COMPOUNDER,32.9,2026-09-30
2026-09-30,GUJAPOLLO,INE826C01016,NSE,330.0,60.54,2549250.0,4193730.9,12761,328.6365410234308,340.71089682692747,23.20181818181818,35.697800146096554,7624.965272727272,False,65.728,70.10772727272727,70.13060606060606,2371221.53,4680345.372727274,3119435.840151516,5607.758096777915,12162.629502524978,8957.68751359499,330.9,333.75,324.25,330.0,328.64,7725.0,0.6052631578947368,0.41382667964946496,15.903571428571423,23.20181818181818,31.61,330.0,299.9686257512856,390.0627484974289,446.0,MICRO,4.819264069264068,True,A-GRADE,CLEAN_RUNNER,32.5,2026-09-30
2026-09-30,SUDARSCHEM,INE659A01023,NSE,1203.9,71.48,349617375.6,491650398.6,406263,1210.1776401001323,1259.7577415216233,19.738752307841803,14.222467501000622,23887.396686425032,False,47.306,46.65590909090909,48.91590909090909,56606287.6,159226117.26363638,214832431.92954543,13180.690353006688,17916.86353792523,20170.83674811897,1203.8,1241.6,1195.0,1203.9,1210.18,290404.0,0.19098712446352165,-0.5189310681055659,46.65714285714288,19.738752307841803,69.36,1203.9,1133.91,1343.87,9735.0,MID,3.8754998635387388,True,A-GRADE,GRIND_COMPOUNDER,31.8,2026-09-30
2026-09-30,WINDMACHIN,INE052A01021,NSE,300.2,62.6,21208529.6,33772484.9,112850,299.26880726628264,300.89738833830125,70.00620347394542,53.32883739237529,20950.673014888336,False,58.992,58.94545454545455,56.15772727272728,14942093.39,16424888.3,20867469.726515148,19023.244731796145,16046.50789448367,14082.380678062364,298.1,304.6,294.0,300.2,299.27,70648.0,0.5849056603773561,0.3107561733551645,11.003571428571421,70.00620347394542,34.33,300.2,278.8142883300781,342.97142333984374,3148.0,SMALLISH,3.665413533834584,True,A-GRADE,CLEAN_RUNNER,29.4,2026-09-30
2026-09-30,WONDERLA,INE066O01014,NSE,500.3,68.06,8717727.5,12844055.8,25602,501.6817358018905,524.598969295753,15.08662345315262,19.358593857577528,7568.683441367119,False,67.808,60.04318181818181,61.22439393939394,15702211.23,17558350.822727274,31050630.93712121,10546.754325831129,10155.498384700266,9564.44096028452,498.0,506.4,498.0,500.3,501.68,17425.0,0.2738095238095259,-0.2750757454951347,12.157142857142864,15.08662345315262,75.96,500.3,482.06,536.77,3388.0,SMALLISH,2.4299705890751278,True,A-GRADE,GRIND_COMPOUNDER,28.2,2026-09-30
2026-09-30,EMAMILTD,INE548C01032,NSE,379.05,64.83,477460098.15,736303657.65,1943040,378.9441584578804,378.84555012955815,53.01320528211285,53.18944345811688,20089.044462785118,False,53.81,54.28,57.02287878787879,521701496.4,477521854.9363636,276657870.0583333,18819.85808473689,20150.58396797532,16860.377584817525,382.5,384.5,375.6,379.05,378.94,1259623.0,0.387640449438202,0.029028342217762848,13.146428571428569,53.01320528211285,47.63,379.05,354.37142857142857,428.4071428571429,15978.0,MID,3.468257108937757,True,A-GRADE,GRIND_COMPOUNDER,27.6,2026-09-30
2026-09-30,WEALTH,INE658T01017,NSE,907.85,73.24,1848382.6,2488231.45,2780,895.047284172662,835.4535912639433,9.174917491749175,33.18180949821886,8211.98498349835,False,81.24199999999999,80.38409090909092,75.36681818181819,16497552.739999998,4499363.85,2359228.326515151,92628.78187539538,27721.86190992297,14413.064190955169,899.95,920.0,865.0,907.85,895.05,2036.0,0.7790909090909095,1.4300877045975158,37.678571428571445,9.174917491749175,69.9,832.7999877929688,769.6379968336842,959.123969711538,,UNKNOWN,4.150308027600533,True,A-GRADE,CLEAN_RUNNER,26.2,2026-09-30
2026-09-30,NBIFIN,INE365I01020,NSE,1897.5,69.03,461092.5,663020.7,352,1883.581534090909,1959.6842202523203,3.2592592592592595,64.35747549770967,6139.080555555555,False,59.894000000000005,82.54181818181819,70.87545454545455,2105093.04,6219841.590909091,4984695.737878788,30265.528985501813,126120.329188137,57744.32234414821,1900.3,1916.9,1863.1,1897.5,1883.58,243.0,0.639405204460966,0.7390182524766642,61.157142857142894,3.2592592592592595,81.18,1945.0,1822.5999755859373,2189.800048828125,575.0,MICRO,3.223037831733486,True,A-GRADE,CLEAN_RUNNER,24.3,2026-09-30
2026-09-30,JPOLYINVST,INE147P01019,NSE,933.4,70.56,1122880.2,1607204.85,1705,942.6421407624634,987.9728890391382,5.590163934426229,7.004983178020629,5269.524098360656,False,66.524,50.58545454545454,57.18409090909091,3085407.6,2604922.95,9288895.65,7954.46678531237,6920.733468059604,13388.033749244463,950.0,959.5,930.05,933.4,942.64,1203.0,0.11375212224108719,-0.9802257489603727,28.875000000000018,5.590163934426229,65.96,933.4,890.09,1020.03,1048.0,MICRO,3.093529033640456,True,A-GRADE,UNCLASSIFIED,16.1,2026-09-30
2026-09-30,DRAGARWQ,INE934C01018,NSE,5130.0,67.09,7674480.0,11412008.0,2230,5117.492376681615,5267.3377730666425,3.4735202492211834,4.337631491672763,17775.713395638628,False,68.188,65.16363636363639,64.88530303030304,8464738.9,7533286.5,4874368.315151515,22386.85286826095,22847.77020173135,18574.13626769121,5190.0,5201.0,5061.0,5130.0,5117.49,1496.0,0.4928571428571429,0.24445577812561847,142.85714285714286,3.4735202492211834,37.37,5130.0,4915.71,5558.57,2519.0,SMALLISH,2.7847396268448903,True,A-GRADE,UNCLASSIFIED,6.4,2026-09-30
2026-09-30,ASIANHOTNR,INE363A01022,NSE,354.8,54.47,5521042.8,9952731.1,28570,348.3630066503325,370.2664721028984,24.8651000870322,32.14135668897423,8662.081026979982,False,63.596,51.87772727272727,51.60742424242424,3178351.84,8287343.729545455,7859949.537121212,9065.471080673133,11900.866749827384,11005.612754068216,365.0,369.0,339.3,354.8,348.36,15561.0,0.5218855218855221,1.8486623033643346,24.160714285714274,24.8651000870322,76.05,354.8,319.32,427.28,1640.0,MICRO,6.809671444677077,True,B-GRADE,CLEAN_RUNNER,61.9,2026-09-30
2026-09-30,SETL,INE0M4D01010,NSE,422.8,59.99,103361070.4,172447778.25,407519,423.1650015091321,406.3142263590765,43.92315154128045,84.01230177290698,18586.740488251777,False,55.894000000000005,57.299090909090914,55.44030303030303,149329219.26999998,220097394.47727272,194081286.15636364,23261.36007182628,34135.39339950398,29731.410095083105,428.95,436.95,415.0,422.8,423.17,244468.0,0.3553530751708435,-0.08743530968641222,21.121428571428567,43.92315154128045,80.69,422.8,391.12,486.16,8158.0,MID,4.99560751452899,True,B-GRADE,GRIND_COMPOUNDER,55.3,2026-09-30
2026-09-30,STYLEBAAZA,INE01FR01028,NSE,384.75,52.67,382237197.75,732116781.1,1886372,388.1083800544113,390.5146506662336,179.43232188718727,116.31897272312251,69639.18777703795,False,55.372,59.18863636363636,53.562121212121205,417425928.53,280788184.12954545,281949598.9863636,57365.80089429814,45424.26299882534,41980.442397521096,409.0,409.0,384.75,384.75,388.11,993469.0,0.0,-0.8657339414083642,18.274999999999995,179.43232188718727,73.3,384.75,357.34,439.57,3047.0,SMALLISH,4.749837556855099,True,B-GRADE,GRIND_COMPOUNDER,52.0,2026-09-30
2026-09-30,ONIXSOLAR,INE173M01012,NSE,343.05,55.84,28662170.55,51385819.35,149626,343.4284105035221,381.2519675157663,53.20981507823613,150.81765703203567,18273.76221550498,False,69.264,65.35954545454545,81.84287878787877,44824505.98,76594963.93863636,54357160.300757565,38210.93227286636,57499.52847958165,101570.18055567674,337.0,350.9,335.0,343.05,343.43,83551.0,0.5062893081761021,-0.11064845820109026,21.953571428571426,53.20981507823613,52.63,343.05,310.12,408.91,1315.0,MICRO,6.39952526703729,True,B-GRADE,UNCLASSIFIED,49.4,2026-09-30
2026-09-30,AEROPLANE,INE05TO01019,NSE,206.57,58.29,93450822.01,159017244.98,776058,204.90381515299111,199.0000336983196,123.0861221252974,104.71677743117318,25220.816015860422,False,56.79,57.82363636363637,58.83764705882352,62131591.604,88000173.6240909,72016175.12254903,16512.848279752037,20838.64223758289,21334.35516726718,205.0,210.0,200.0,206.57,204.9,452393.0,0.6569999999999994,0.8150317227916037,9.558571428571424,123.0861221252974,70.44,206.57,192.23,235.25,2044.0,SMALLISH,4.6272795800800814,True,B-GRADE,CLEAN_RUNNER,47.9,2026-09-30
2026-09-30,ORICONENT,INE730A01022,NSE,51.34,75.37,2136514.1,2841308.25,55211,51.46272029124631,52.554231165658045,74.00938337801608,190.99581507393896,3808.724195710456,False,71.132,65.8859090909091,66.8639393939394,13252731.636,4570324.890000001,3915609.212727273,29495.43065374932,10037.638217069063,6968.042542997342,52.9,52.9,50.71,51.34,51.46,41615.0,0.2876712328767138,-0.23319082782743417,2.7328571428571413,74.00938337801608,71.22,51.34,47.24,59.54,850.0,MICRO,5.323056374867825,True,B-GRADE,GRIND_COMPOUNDER,47.2,2026-09-30
2026-09-30,SVLL,INE00CE01017,NSE,805.8,77.33,1486701.0,1955495.1,2386,819.5704526404024,812.3880249300182,24.101010101010097,95.70997790950442,19752.47575757576,False,88.23200000000001,70.30999999999999,66.51969696969698,17908258.51,7176917.890909092,2906360.346212121,286831.22026207007,77753.63991999796,33885.8046372669,813.5,835.05,805.0,805.8,819.57,1845.0,0.02662229617304345,-1.6801493466085948,39.781818181818174,24.101010101010097,81.18,813.3499755859375,738.9142630440848,962.2214006696428,,UNKNOWN,4.93693449761953,True,B-GRADE,GRIND_COMPOUNDER,45.8,2026-09-30
2026-09-30,INDOSTAR,INE896L01010,NSE,213.54,76.58,17484228.12,22619839.46,106921,211.55656475341607,243.9209147502473,66.57596513075966,49.88763197070529,14084.582478206725,False,56.21199999999999,59.95454545454545,58.557272727272725,10628922.174,20124047.25909091,19949478.113333333,8508.114391489951,12168.63682501812,12400.201369039916,210.0,215.7,209.05,213.54,211.56,81878.0,0.6751879699248114,0.9359047078842941,9.83642857142857,66.57596513075966,76.26,213.54,198.79,243.05,4181.0,SMALLISH,4.6063634782376,True,B-GRADE,CLEAN_RUNNER,45.3,2026-09-30
2026-09-30,DEEDEV,INE841L01016,NSE,676.9,53.9,34027086.1,62912701.75,93263,674.5730005468406,649.1168795717571,16.64816137093895,26.19158843440775,11230.400169582292,False,52.73,55.81045454545456,50.027121212121216,53951203.720000006,98712391.71136364,119148695.11515152,11676.529168184848,17001.40215557048,23301.947320850708,659.75,683.0,659.75,676.9,674.57,50269.0,0.7376344086021496,0.34540522110380056,32.51071428571429,16.64816137093895,74.62,676.9,628.13,774.43,5028.0,SMALLISH,4.802882890488151,True,B-GRADE,CLEAN_RUNNER,43.8,2026-09-30
2026-09-30,MRTX,INE1RQS01010,BSE,441.45,54.35,90938700.0,179534450.0,379000,473.705672823219,369.7460632029994,1029.891304347826,1049.7357991190024,487865.3532608696,False,63.234,63.44818181818182,61.26075757575758,57702310.0,40120961.36363637,33986368.93939394,445610.1231386927,388135.6791275058,383563.0866379166,,,,,,,,,,1029.891304347826,72.73,441.45,418.27,487.8,711.0,MICRO,,True,B-GRADE,UNCLASSIFIED,40.6,2026-09-30
2026-09-30,IBULLSLTD,INE126M01010,NSE,29.61,59.1,135680452.10999998,233362547.03,7753680,30.09700516786868,27.593155791339075,611.4407381121362,902.946475524621,18402.5350548064,False,62.804,61.76818181818181,58.09818181818181,238843584.242,307605028.6390909,210218831.9072728,24048.59954184635,24915.1427703914,21474.00156500833,30.45,30.65,29.52,29.61,30.1,4582251.0,0.07964601769911499,-1.6279069767441978,1.5599999999999998,611.4407381121362,27.87,29.61,26.771428451538085,35.28714309692383,7148.0,MID,5.268490374873354,True,B-GRADE,GRIND_COMPOUNDER,40.1,2026-09-30
2026-09-30,GTPL,INE869I01013,NSE,54.86,77.84,996202.74,1274826.62,23329,54.64557503536371,56.74211927433737,46.75150300601203,101.25452166784544,2554.7627655310625,False,62.02,65.83318181818181,63.1819696969697,911627.114,2995886.3527272725,2669088.4046969693,2877.2277728163053,5745.396145542864,4635.488348427658,54.12,55.48,54.0,54.86,54.65,18159.0,0.5810810810810819,0.3842634949679846,2.202857142857144,46.75150300601203,73.64,54.86,51.56,61.47,643.0,MICRO,4.015415863757099,True,B-GRADE,CLEAN_RUNNER,39.9,2026-09-30
2026-09-30,GUJJUBHAI,INE311N01016,BSE,116.2,55.14,3659602.8,6758180.0,57112,118.33204930662558,107.99313362930162,442.7286821705426,445.2805624911504,52388.992248062015,False,72.318,73.34636363636365,64.1021212121212,6602427.6,4846691.702272727,6107301.314393939,73199.57224310169,48087.24328763739,51240.99077795097,,,,,,,,,,442.7286821705426,69.65,99.9499969482422,97.125004359654,128.4,241.0,MICRO,,True,B-GRADE,GRIND_COMPOUNDER,38.7,2026-09-30
2026-09-30,TLL,INE0MKA01014,BSE,366.05,79.56,39313770.0,51262380.0,135000,379.72133333333335,336.71421246923705,780.3468208092486,704.6939895737565,296314.3352601156,False,79.76,74.95954545454546,71.72848484848487,25687488.0,17368725.0,10087276.363636363,272865.42529642285,237280.48173113217,195447.2198466802,,,,,,,,,,780.3468208092486,81.18,366.05,346.83,404.49,351.0,MICRO,,True,B-GRADE,GRIND_COMPOUNDER,37.5,2026-09-30
2026-09-30,NATHBIOGEN,INE448G01010,NSE,142.81,58.06,207788.55,359481.96,2506,143.44850758180368,148.67714760654658,15.469135802469136,104.32430895133848,2219.0244444444447,False,74.576,80.43954545454545,75.5030303030303,4006256.22,3427376.8268181817,2290892.198636364,22096.533911021183,15510.64068090912,9283.497509086314,145.3,145.44,142.35,142.81,143.45,1455.0,0.14886731391586003,-0.44614848379225247,5.349999999999999,15.469135802469136,75.82,148.02000427246094,139.08132535492916,165.89736210752451,283.0,MICRO,3.7462362579651276,True,B-GRADE,GRIND_COMPOUNDER,36.0,2026-09-30
2026-09-30,RELIGARE,INE621H01010,NSE,228.91,51.76,127641360.55,248962169.11,1077320,231.09398239149,245.64759912577637,106.50716757291153,71.74542384499858,24613.165507661888,False,59.602,55.48636363636364,55.74257575757576,102767714.612,178051046.80909088,140235943.89363635,16868.287879728763,17624.091115785126,17496.732442121618,232.6,235.0,228.0,228.91,231.09,557605.0,0.1299999999999995,-0.9433554026569757,7.634285714285712,106.50716757291153,26.73,228.91,214.9271399797712,256.8757200404576,8698.0,MID,3.33505994246023,True,B-GRADE,GRIND_COMPOUNDER,30.8,2026-09-30
2026-09-30,APTUS,INE852O01025,NSE,232.53,58.39,249673041.72,429723949.9,1838844,233.6924447642105,244.53463746686984,42.10096847310942,48.19268995924868,9838.678249421891,False,59.34000000000001,60.186818181818175,57.678636363636365,318148267.612,244669563.4368182,202960838.93803036,12944.447460961426,11784.781967738132,12433.163740024973,235.0,236.87,230.0,232.53,233.69,1073724.0,0.3682678311499271,-0.4963840985921508,8.330714285714281,42.10096847310942,50.89,232.53,217.25714015415736,263.07571969168526,11835.0,MID,3.582640642374868,True,B-GRADE,GRIND_COMPOUNDER,30.7,2026-09-30
2026-09-30,ELECTHERM,INE822G01016,NSE,774.25,51.2,3511998.0,6893215.85,8860,778.0153329571106,927.0342357972962,11.766268260292165,36.521365900889215,9154.337118193893,False,61.718,70.14863636363637,61.985,12156378.419999998,13480033.013636362,15771279.587878788,14967.603560867849,33856.556528204266,22688.927111880177,785.05,790.85,768.7,774.25,778.02,4536.0,0.250564334085777,-0.4845633788334469,40.82500000000001,11.766268260292165,35.3,774.25,713.01,896.73,1194.0,MICRO,5.272844688408139,True,B-GRADE,UNCLASSIFIED,30.5,2026-09-30
2026-09-30,HCG,INE075I01017,NSE,666.05,58.08,79081448.6,137296071.9,204434,671.591182973478,698.4264669234888,10.63818494041734,14.88111590488083,7144.511208825519,False,56.20799999999999,56.30772727272727,58.97924242424243,28052699.79,61660821.95227271,85898932.93787879,5897.701564266735,10393.365205324852,11315.352063592733,703.6,710.0,660.5,666.05,671.59,118732.0,0.1121212121212112,-0.8249080540210674,22.70714285714285,10.63818494041734,72.62,666.05,631.99,734.17,10454.0,MID,3.409224961660964,True,B-GRADE,UNCLASSIFIED,29.0,2026-09-30
2026-09-30,MANORAMA,INE00VM01036,NSE,1852.8,52.66,120904464.0,230456371.1,123908,1859.899046873487,1961.16357213809,7.393078758949881,9.345919687677029,13750.380137231505,False,52.408,47.28954545454546,48.724545454545456,131638055.42,198325110.6681818,215323386.4848485,12687.14495849633,18328.87723960038,20865.09692451087,1865.0,1879.4,1844.8,1852.8,1859.9,65255.0,0.23121387283236902,-0.3817409538147243,61.14285714285719,7.393078758949881,67.02,1852.8,1761.09,2036.23,12583.0,MID,3.3000246730816705,True,B-GRADE,UNCLASSIFIED,24.7,2026-09-30
2026-09-30,STOVEKRAFT,INE00IN01015,NSE,794.95,53.31,29785981.55,56362413.2,70280,801.969453614115,836.640799197594,13.282933282933284,14.69107782911676,10652.506747306748,False,50.738,48.33590909090909,50.04712121212121,33570307.54000001,52634722.79545455,63971670.32954545,10715.338549448656,12291.1550960263,14444.55843914976,809.6,823.8,791.1,794.95,801.97,37469.0,0.11773700305810492,-0.8753444642567665,24.096428571428564,13.282933282933284,63.16,794.95,758.81,867.24,2756.0,SMALLISH,3.031187945333488,True,B-GRADE,GRIND_COMPOUNDER,24.7,2026-09-30
2026-09-30,GGAUTO,INE493B01017,BSE,228.2,75.28,4500104.0,5930697.0,26195,226.40568810841765,188.2288030273205,68.03896103896103,65.39506599129254,15404.407792207792,False,69.40799999999999,84.51863636363636,80.36833333333335,2681102.8200000003,2454836.881818182,1646371.8007575758,12196.028314352863,12309.23499543363,10024.11957198881,,,,,,,,,,68.03896103896103,41.19,228.2,216.22,252.16,198.0,MICRO,,True,B-GRADE,GRIND_COMPOUNDER,21.5,2026-09-30
2026-09-30,AKUMS,INE09XN01023,NSE,818.5,52.87,85064249.5,161142528.75,196569,819.775899302535,784.6065907415367,12.563530614853637,16.744848868004176,10299.27960820657,False,51.564,52.94409090909091,52.321969696969695,97097538.48,136018383.53636363,128228801.375,11128.35889677646,13138.118782807036,12467.821735462734,828.2,828.2,811.1,818.5,819.78,103927.0,0.432748538011694,-0.15613945204810964,29.239285714285707,12.563530614853637,38.72,818.5,764.3142961774554,926.8714076450892,12738.0,MID,3.5723012479273923,True,B-GRADE,UNCLASSIFIED,20.3,2026-09-30
2026-09-30,ETERNAL,INE758T01015,NSE,320.0,65.57,6053064960.0,9245532416.3,28850208,320.46675075271554,327.2843843159884,164.1323972828746,181.16199533645505,52598.976050496654,False,64.04400000000001,59.23500000000001,55.1930303030303,4674840368.54,7113357920.575001,5911126970.834849,41999.80915798874,59291.49210514764,57554.465526123815,328.15,329.0,317.1,320.0,320.47,18915828.0,0.2436974789915952,-0.14665959372173187,8.057142857142859,164.1323972828746,76.62,320.0,303.5999973842076,352.8000052315848,311465.0,LARGE,2.5178571428571432,False,A-GRADE,GRIND_COMPOUNDER,39.3,2026-09-30
2026-09-30,TITANBIO,INE150C01029,BSE,393.75,60.43,8938125.0,14546937.0,37564,387.25740070280057,410.562203524217,46.14742014742015,43.70734190881871,17870.929975429975,False,71.702,86.3309090909091,95.44363636363636,4786887.39,10162100.852272728,9309637.875757577,14282.462657892098,17944.582604270967,19664.52226786767,,,,,,,,,,46.14742014742015,71.85,393.75,373.08,435.09,,UNKNOWN,,False,A-GRADE,GRIND_COMPOUNDER,38.3,2026-09-30
2026-09-30,YAASHVI,INE1T6L01010,BSE,81.5,60.0,782400.0,1299488.0,16000,81.218,81.23617647058823,1600.0,2038.188977556842,129948.8,False,70.8,77.52727272727273,77.88121212121212,2858307.2,4641340.363636363,5154907.151515151,176036.3580400276,165574.67946121542,199955.60453745656,,,,,,,,,,1600.0,70.94,81.5,77.22,90.06,,UNKNOWN,,False,A-GRADE,GRIND_COMPOUNDER,37.9,2026-09-30
2026-09-30,DLF,INE271C01023,NSE,674.0,62.38,2451176240.0,3855925525.1,5830044,661.3887519716832,663.2997951336929,57.05604760180464,74.48621608673058,37736.22811579452,False,53.022000000000006,52.74863636363637,47.64060606060605,1340066786.6799998,1388943949.0068183,1319012982.9386363,49353.88503087282,49406.69187061237,46566.16660744912,665.05,674.0,653.0,674.0,661.39,3636760.0,1.0,1.9065906651143827,17.714285714285722,57.05604760180464,72.13,653.0,620.4857090541294,718.028581891741,168792.0,LARGE,2.6282323018228073,False,A-GRADE,CLEAN_RUNNER,37.8,2026-09-30
2026-09-30,INDHOTEL,INE053A01029,NSE,728.65,63.44,1725813354.2,2720942610.7,3733640,728.7640508190398,720.6995740095871,68.09483859201168,58.163239918977766,49625.07041218311,False,65.272,59.04636363636364,58.403333333333336,3502303064.8100004,1432901287.85,1072330535.4212122,65450.69663420731,41918.222232624685,41124.62794329621,714.35,736.9,713.0,728.65,728.76,2368508.0,0.6548117154811712,-0.015094132499038349,15.364285714285709,68.09483859201168,72.76,714.3499755859375,692.5750034877232,774.74,,UNKNOWN,2.1085961317897084,False,A-GRADE,UNCLASSIFIED,37.8,2026-09-30
2026-09-30,JDCABLES,INE14VP01014,BSE,184.55,73.33,4872120.0,6736520.0,36000,187.1255555555556,200.67440262843488,923.0769230769232,850.2877247445352,172731.28205128206,False,68.148,71.60954545454545,69.92651515151515,6480336.0,8908256.363636363,9033363.636363637,160698.38723404257,170630.98122540067,197080.27540362717,,,,,,,,,,923.0769230769232,73.47,184.55,174.86,203.93,,UNKNOWN,,False,A-GRADE,GRIND_COMPOUNDER,35.1,2026-09-30
2026-09-30,TBOTEK,INE673O01025,NSE,1685.2,69.13,520605465.6,760685070.0,446861,1702.285654823312,1702.9505188169016,22.617856962089384,10.559884075971848,38502.053449410334,False,56.976,50.74636363636364,49.2930303030303,112048903.4,137013571.00909087,201097332.83181816,18264.771369015525,17982.960065822597,20093.80691722518,1670.5,1729.9,1660.0,1685.2,1702.29,308928.0,0.36051502145922765,-1.0039417490556812,51.23571428571428,22.617856962089384,78.57,1685.2,1608.35,1838.91,18523.0,MID,3.0403343392899527,False,A-GRADE,GRIND_COMPOUNDER,34.6,2026-09-30
2026-09-30,BHATIA,INE341Z01025,BSE,38.73,66.37,1548231.7499999998,2365248.0,60231,39.26961199382378,35.43594744710087,130.08855291576674,379.8440965205492,5108.526997840173,False,69.912,76.77181818181819,78.98348484848485,5280437.196,8383765.650454545,4175010.7989393934,9458.700732340085,13460.135442393694,10329.525979948608,,,,,,,,,,130.08855291576674,67.96,38.73,36.7,42.8,,UNKNOWN,,False,A-GRADE,GRIND_COMPOUNDER,34.2,2026-09-30
2026-09-30,SHAMFOAM,INE0Z9N01013,BSE,86.46,70.0,1815660.0,2638070.0,30000,87.93566666666666,77.5483427922815,1111.111111111111,1049.0008866933945,97706.29629629628,False,74.678,83.43363636363635,87.85133333333333,5143742.0,2487003.1818181816,10980422.333333334,98755.25919111037,81348.2803507066,99673.3479068596,,,,,,,,,,1111.111111111111,69.75,86.46,81.92,95.54,,UNKNOWN,,False,A-GRADE,GRIND_COMPOUNDER,34.1,2026-09-30
2026-09-30,ADON,INE1SME01017,BSE,89.13,69.44,4456500.0,6575720.0,72000,91.32944444444443,94.85334353481257,2322.5806451612902,2512.8646462469783,212120.0,False,72.33400000000002,72.12772727272728,82.24983606557376,8658684.0,8863600.0,18157210.49180328,227157.18641785887,238353.61354694984,273041.90077833785,,,,,,,,,,2322.5806451612902,66.97,89.13,84.45,98.49,,UNKNOWN,,False,A-GRADE,GRIND_COMPOUNDER,32.7,2026-09-30
2026-09-30,INDUSTOWER,INE121J01017,NSE,373.2,60.42,1513623440.4,2502796709.65,6712752,372.8421234167448,377.8954526764671,78.01080779555835,86.8779671053313,29085.71522795152,False,58.1,54.7309090909091,56.31924242424243,1074777997.24,886776218.6386365,1183429958.162121,34693.657635859345,32830.78870688038,36020.55220927256,370.35,376.05,368.6,373.2,372.84,4055797.0,0.6174496644295265,0.09655616350177088,9.882142857142867,78.01080779555835,61.92,373.2,358.38,402.85,99406.0,LARGE,2.6479482468228475,False,A-GRADE,CLEAN_RUNNER,32.7,2026-09-30
2026-09-30,DHANWEL,INE0VWO01011,BSE,47.49,73.53,1424700.0,1971132.0,40800,48.31205882352941,50.79162790697674,1200.0,1936.7124569373505,57974.470588235294,False,67.728,84.72666666666667,84.72666666666667,1025868.0,3435753.714285714,3435753.714285714,65095.94278002699,98368.77847556862,98368.77847556862,,,,,,,,,,1200.0,69.13,47.49,45.0,52.48,,UNKNOWN,,False,A-GRADE,GRIND_COMPOUNDER,32.6,2026-09-30
2026-09-30,BRIGHT,INE0OMI01019,BSE,351.0,67.39,4080375.0,6055350.0,17250,351.03478260869565,350.4559689265537,392.04545454545456,1097.4822938169882,137621.5909090909,False,93.704,88.48409090909091,81.8521212121212,2903700.0,5424128.693181818,5862951.704545454,226033.94461538465,384619.22065936925,306765.5303989076,,,,,,,,,,392.04545454545456,64.08,351.0,332.57,387.86,,UNKNOWN,,False,A-GRADE,GRIND_COMPOUNDER,31.8,2026-09-30
2026-09-30,BAJAJFINSV,INE918I01026,NSE,1731.0,62.11,1167895314.0,1870730470.6,1086211,1722.2532920399442,1875.6622199775468,18.09838878984288,16.757168386889912,31170.00967392572,False,54.394000000000005,55.70045454545454,56.65803030303029,993420828.62,708965498.6681819,1187935985.2318182,31757.30256694652,31430.7876570915,35179.44812840089,1742.4,1748.0,1702.1,1731.0,1722.25,674694.0,0.6296296296296303,0.5080563216722345,37.90714285714283,18.09838878984288,72.63,1731.0,1674.14,1844.72,315606.0,LARGE,2.189898489725178,False,A-GRADE,CLEAN_RUNNER,30.2,2026-09-30
2026-09-30,VEDL,INE205A01025,NSE,259.0,60.72,1358661423.0,2232201123.35,8639213,258.3801468200865,269.13598821439183,117.42847628109284,113.3104387619454,30341.18694236781,False,52.41,51.51818181818182,49.71818181818182,1060018667.81,1108326113.9681818,1616377890.1621208,28162.920947682327,30495.916911202505,33066.78729030046,260.0,260.5,255.15,259.0,258.38,5245797.0,0.7196261682242988,0.23995665299172408,7.139285714285721,117.42847628109284,48.47,259.0,248.29,280.42,102296.0,LARGE,2.7564809707666877,False,A-GRADE,CLEAN_RUNNER,26.0,2026-09-30
2026-09-30,ONGC,INE213A01029,NSE,225.8,63.17,1587682442.8000002,2521782036.32,11131417,226.5463629940375,234.9216519565284,76.2838590744307,124.29927036844096,17281.830828461978,False,62.85799999999999,57.65272727272728,57.34818181818182,1365593609.704,1344598500.7268183,1676070380.478182,24172.79367340685,29200.589931945316,30326.870364941995,230.21,231.57,223.6,225.8,226.55,7031366.0,0.2760351317440423,-0.33105274773780335,4.576428571428575,76.2838590744307,49.21,225.8,218.94,239.53,292617.0,LARGE,2.0267619891180577,False,A-GRADE,GRIND_COMPOUNDER,25.3,2026-09-30
2026-09-30,MARICO,INE196A01026,NSE,786.0,63.87,1232637426.0,1944652945.5,2455494,791.9599663041326,818.7704773118368,55.94272435240244,40.01051639886919,44304.398093090014,False,59.008,63.94318181818182,60.452575757575765,471685026.2299999,946904382.7409092,939766848.067424,27413.14374876725,32759.429609395203,31332.57180944819,789.85,799.25,786.0,786.0,791.96,1568241.0,0.0,-0.7525632607707555,16.699999999999996,55.94272435240244,37.12,786.0,760.95,836.1,106602.0,LARGE,2.124681933842239,False,A-GRADE,GRIND_COMPOUNDER,25.0,2026-09-30
2026-09-30,PIDILITIND,INE318A01026,NSE,1465.1,68.12,939111518.8,1390722018.5,940925,1478.0370576825997,1581.2602305109783,20.919671839566007,21.762968834656345,30920.05021343768,False,55.736,60.42318181818182,61.23121212121212,682460266.1800001,652965643.190909,869820620.3878787,34713.54792940687,34412.91711609193,38836.67191983916,1481.0,1496.9,1465.1,1465.1,1478.04,640988.0,0.0,-0.8754837487483513,34.31428571428574,20.919671839566007,62.41,1465.1,1413.63,1568.04,165864.0,LARGE,2.3421121912692473,False,A-GRADE,GRIND_COMPOUNDER,24.6,2026-09-30
2026-09-30,PETRONET,INE347G01014,NSE,284.5,72.9,501745907.0,692213965.85,2419296,286.1220643732722,288.2469677053081,52.03234686854783,50.80403575433152,14887.602500215073,False,54.694,59.98954545454546,58.584393939393934,272747200.93,285022703.2090909,321814203.1075758,15957.177227417778,14644.109253378118,16640.16165871766,285.1,288.9,284.0,284.5,286.12,1763606.0,0.10204081632653109,-0.5661960016776213,6.1714285714285735,52.03234686854783,43.08,284.5,275.24,303.01,43058.0,LARGE,2.1692191815214668,False,A-GRADE,GRIND_COMPOUNDER,22.2,2026-09-30
2026-09-30,JKCEMENT,INE823G01014,NSE,5076.0,63.42,343726416.0,534934824.0,106778,5009.785011893836,5000.816484874224,5.538565278282069,4.991353248657832,27747.02131853312,False,51.926,53.506818181818176,52.148333333333326,97478836.2,119010768.63636364,169291264.06060606,22190.249302519587,24960.8416077186,27657.02613330317,4848.0,5117.0,4848.0,5076.0,5009.79,67716.0,0.8475836431226765,1.321612283149598,160.39285714285714,5.538565278282069,71.88,5076.0,4835.41,5557.18,39310.0,LARGE,3.1598277608915906,False,A-GRADE,CLEAN_RUNNER,22.0,2026-09-30
2026-09-30,HEROMOTOCO,INE158A01026,NSE,5241.0,62.94,1873164846.0,3003681123.5,567810,5289.940514432645,5345.535406291009,9.828463615592328,11.874349283657214,51991.987874749015,False,54.79,55.75545454545455,54.27530303030302,1187948216.8,1596860337.9772727,1958565402.851515,53863.14210068793,63474.75452245592,63848.55617678154,5236.5,5341.0,5236.5,5241.0,5289.94,357406.0,0.0430622009569378,-0.9251522701580694,113.71428571428571,9.828463615592328,66.21,5241.0,5070.43,5582.14,106075.0,LARGE,2.169705890369886,False,A-GRADE,UNCLASSIFIED,20.9,2026-09-30
2026-09-30,PNBHOUSING,INE572E01012,NSE,1120.0,65.76,857485440.0,1303975082.1,1164222,1120.039891103243,1138.6240952135042,20.95167995392949,25.99866106994,23466.71733402919,False,48.204,50.443636363636365,49.40151515151515,415429634.12,521545403.6499999,516564395.25,27561.082138933307,29602.701937522987,28636.35386736604,1098.0,1132.5,1095.9,1120.0,1120.04,765612.0,0.6584699453551904,-0.0035713010249627253,36.52142857142854,20.95167995392949,39.37,1120.0,1065.22,1229.56,29245.0,LARGE,3.260841836734691,False,A-GRADE,UNCLASSIFIED,20.0,2026-09-30
2026-09-30,VENTIVE,INE781S01027,NSE,558.4,60.26,3273899.2,5450956.0,9729,560.2791653818481,569.6181712173842,6.477363515312916,25.36895203348293,3629.131824234354,False,54.786,65.61454545454545,60.376666666666665,5564432.58,13649631.088636365,9547848.895454546,9324.832807229875,14450.616063014088,11116.502398469172,559.0,574.55,557.0,558.4,560.28,5863.0,0.07977207977207869,-0.33554651245805145,15.40000000000001,6.477363515312916,65.96,558.4,535.3,604.6,13011.0,MID,2.75787965616046,False,A-GRADE,UNCLASSIFIED,19.4,2026-09-30
2026-09-30,DIVISLAB,INE361B01024,NSE,9291.5,63.41,3189233043.0,5066450759.0,541269,9360.31946961677,9349.982774029771,6.492682868315621,9.339509618335995,60773.58586234196,False,64.74199999999999,63.46,59.15439393939394,3192819752.8,3077233193.159091,2393915307.401515,87273.00735947021,87324.25404932696,82452.52130150652,9499.5,9505.0,9275.0,9291.5,9360.32,343242.0,0.07173913043478261,-0.7352312741444655,192.03571428571428,6.492682868315621,67.17,9291.5,9003.45,9867.61,241576.0,LARGE,2.0667891544499195,False,A-GRADE,UNCLASSIFIED,19.1,2026-09-30
2026-09-30,PHOENIXLTD,INE211B01039,NSE,1935.0,63.39,516823020.0,819113264.8,421345,1944.0441082723185,1918.282962769249,11.133439027612631,15.842718234806064,21643.896546439424,False,54.736,55.85954545454546,56.85121212121212,471525795.0400001,436708731.13181806,688701306.5742426,28491.530130938616,30390.816473782183,32864.18838208517,1940.4,1963.4,1916.2,1935.0,1944.04,267092.0,0.3983050847457614,-0.465011008003946,54.671428571428564,11.133439027612631,60.56,1935.0,1852.99,2099.01,69461.0,LARGE,2.825396825396825,False,A-GRADE,UNCLASSIFIED,18.5,2026-09-30
2026-09-30,IPCALAB,INE571A01038,NSE,1927.0,61.24,368750720.0,607859871.2,312460,1945.400599116687,1969.2567791216752,8.547667897688415,8.378181593822344,16628.638249213516,False,51.32000000000001,55.87227272727272,52.00924242424243,218536923.46,261337748.6818182,305757276.95454544,16134.013049009383,16498.790900347092,19078.08662147357,1950.3,1984.9,1916.4,1927.0,1945.4,191360.0,0.15474452554744392,-0.9458209108666682,56.107142857142904,8.547667897688415,62.19,1927.0,1842.84,2095.32,49860.0,LARGE,2.911631699903628,False,A-GRADE,UNCLASSIFIED,18.3,2026-09-30
2026-09-30,ALKEM,INE540L01014,NSE,5163.5,63.35,479430975.0,758986218.5,146577,5178.071719983353,5260.935403373666,7.346849781965816,8.621163499462737,38042.51508696306,False,44.806,59.27181818181818,55.69651515151516,328794806.4,492907219.9318182,458643759.8560606,32408.47149300048,45355.384272596326,39119.708080598844,5249.5,5276.5,5135.0,5163.5,5178.07,92850.0,0.20141342756183744,-0.28137896938433826,134.85714285714286,7.346849781965816,62.41,5163.5,4896.928571428572,5696.642857142857,62054.0,LARGE,2.6117389921011496,False,A-GRADE,UNCLASSIFIED,17.0,2026-09-30
2026-09-30,THERMAX,INE152A01029,NSE,3392.2,73.43,1011598138.6,1374986331.7,406098,3385.8485678333805,3597.743142571873,9.65635477351088,5.05414588502564,32694.954980382838,False,56.24400000000001,54.40818181818181,51.07378787878788,217447319.64,274183547.75909084,473076032.1181818,17919.01951540518,18183.518699408844,25676.51712358286,3280.0,3424.5,3276.0,3392.2,3385.85,298213.0,0.7824915824915812,0.18754522498043436,104.77142857142859,9.65635477351088,60.43,3392.2,3235.04,3706.51,43344.0,LARGE,3.0885982127064615,False,A-GRADE,CLEAN_RUNNER,14.8,2026-09-30
2026-09-30,GRASIM,INE047A01021,NSE,3061.9,64.45,884405319.8000001,1375918981.0,448156,3070.178645382412,3244.1355096421103,12.568527918781724,24.51540458842148,38587.6260201363,False,58.49000000000001,61.0340909090909,57.665454545454544,1348565391.1,1760969286.3227272,1559454011.9954543,80185.44998651736,79531.29455854125,62202.15305001446,3100.0,3112.3,3046.4,3061.9,3070.18,288842.0,0.2352048558421848,-0.26969102788760857,54.521428571428615,12.568527918781724,49.61,3061.9,2980.12,3225.46,,UNKNOWN,1.7806404053505542,False,A-GRADE,GRIND_COMPOUNDER,13.2,2026-09-30
2026-09-30,LGEINDIA,INE324D01010,NSE,1723.5,60.06,436062735.0,725837681.0,421274,1722.95864686641,1681.7591785650784,10.400799920995455,14.724230997758328,17920.148158206597,False,54.02,59.566818181818185,59.442121212121215,625099911.6400001,558370002.8499999,566542634.3484849,20615.929598545383,24762.61062779251,25517.345977391866,1740.0,1740.0,1704.0,1723.5,1722.96,253010.0,0.5416666666666666,0.03134141245297872,41.271428571428565,10.400799920995455,49.72,1723.5,1661.59,1847.31,114366.0,LARGE,2.394628869824692,False,A-GRADE,CLEAN_RUNNER,13.2,2026-09-30
2026-09-30,RECLTD,INE020B01018,NSE,299.0,50.87,1040648271.0,2046461789.7,6842344,299.0878257070969,307.8458443932305,91.22517165522298,145.85572130679915,27284.33824011733,False,57.962,55.970909090909096,56.56,2463515910.18,1181954772.4772727,1160933024.137879,53430.90799186523,44901.07768527528,40844.74565666695,294.0,301.75,293.0,299.0,299.09,3480429.0,0.6857142857142857,-0.030091276873178696,5.621428571428567,91.22517165522298,72.75,299.0,290.57,315.86,83921.0,LARGE,1.880076445293835,False,B-GRADE,UNCLASSIFIED,41.7,2026-09-30
2026-09-30,JSWCEMENT,INE718I01012,NSE,113.38,54.79,120826118.12,220418072.84,1945111,113.31902027185082,118.51371999541963,58.92490154498637,48.70376572860869,6677.312112693124,False,57.606,57.24045454545456,57.26772727272727,119724130.06399998,98717480.71681818,125303812.5539394,4315.145850010677,5772.064454282846,9941.837493514768,113.6,114.03,112.3,113.38,113.32,1065674.0,0.6242774566473964,0.052947405577130624,2.3885714285714275,58.92490154498637,65.78,113.38,109.8,120.55,16915.0,MID,2.106695562331476,False,B-GRADE,CLEAN_RUNNER,36.6,2026-09-30
2026-09-30,UNITDSPR,INE854D01024,NSE,1354.0,57.81,764285610.0,1320786464.7,976345,1352.7866324915883,1406.3819486805496,25.16093701680239,27.56064628569453,34037.37925729306,False,59.024,61.52409090909092,58.57515151515152,2132436246.1,895532918.3272725,733483615.059091,45005.67955038029,38760.79543017043,36512.24846090054,1371.0,1376.5,1337.6,1354.0,1352.79,564465.0,0.42159383033419157,0.0894447770903195,30.357142857142872,25.16093701680239,70.12,1363.0,1295.028555733817,1445.07,,UNKNOWN,2.2420341844270957,False,B-GRADE,UNCLASSIFIED,34.9,2026-09-30
2026-09-30,GMRAIRPORT,INE776C01039,NSE,95.15,54.51,844487839.8000001,1537681015.4,16281025,94.44620442508996,96.42761377272478,350.0016123137778,332.39319978264865,33056.323825698135,False,60.238,59.79181818181819,58.91939393939394,577983386.806,854252699.9131818,962162643.9613636,30383.751584147434,32051.88308932139,34327.90133746662,94.8,95.34,93.29,95.15,94.45,8875332.0,0.9073170731707327,0.7411328745367873,2.641428571428573,350.0016123137778,60.81,95.15,91.19,103.07,102897.0,LARGE,2.776067862773066,False,B-GRADE,CLEAN_RUNNER,34.0,2026-09-30
2026-09-30,HDBFS,INE756I01012,NSE,621.3,59.68,155949406.5,263987727.9,420599,627.6470650191751,677.7709456626405,12.12100864553314,27.35882864475392,7607.715501440923,False,59.788,64.34954545454544,61.482272727272736,105637939.7,226142007.02954543,265510372.42045453,11022.601810498882,18543.019162777,18230.296845165256,630.9,637.5,620.0,621.3,627.65,251005.0,0.0742857142857117,-1.011710348123962,14.889285714285709,12.12100864553314,82.27,621.3,598.97,665.97,56363.0,LARGE,2.3964728334597956,False,B-GRADE,GRIND_COMPOUNDER,32.4,2026-09-30
2026-09-30,ICICIPRULI,INE726G01019,NSE,443.8,58.19,216860207.2,373943919.85,839768,445.294319204828,478.2880858332203,21.470852935160565,42.29853210924969,9560.848840509309,False,49.298,50.95863636363637,54.13848484848485,621445249.0899999,450310264.22954553,461685247.7795455,16662.02449821715,20230.88395608804,25445.12547609025,448.0,450.0,442.4,443.8,445.29,488644.0,0.1842105263157934,-0.3346133980102861,16.242857142857137,21.470852935160565,63.08,443.8,419.44,492.53,71761.0,LARGE,3.659949784330134,False,B-GRADE,GRIND_COMPOUNDER,32.4,2026-09-30
2026-09-30,CEMPRO,INE686A01026,NSE,1192.2,58.31,168592578.6,293431008.9,242505,1209.9998305189583,1267.8506169100935,16.27987379162191,14.315059976414425,19698.644528732544,False,53.464,56.79863636363636,56.420909090909085,99860525.02,171183358.81818178,363098989.49696976,13927.258028429069,18149.357622202017,30680.01905454288,1226.3,1249.0,1182.6,1192.2,1210.0,141413.0,0.1445783132530139,-1.4710743801652826,45.571428571428605,16.27987379162191,65.99,1192.2,1123.84,1328.91,22288.0,LARGE,3.822465070577806,False,B-GRADE,GRIND_COMPOUNDER,31.4,2026-09-30
2026-09-30,LENSKART,INE956O01016,NSE,685.05,57.01,2655629892.45,4685025308.95,6800271,688.9468535812764,674.7265596387808,45.30855897873248,79.46730864226213,31215.18914869943,False,60.21,60.56909090909092,59.39257575757576,1718266458.88,5883823132.734092,3310582976.94394,26474.4502782911,53618.70376394668,42057.62070573354,684.35,698.1,672.4,685.05,688.95,3876549.0,0.4922178988326831,-0.5660788155889551,22.871428571428584,45.30855897873248,47.4,685.05,650.74,753.66,119125.0,LARGE,3.3386509848082015,False,B-GRADE,UNCLASSIFIED,29.2,2026-09-30
2026-09-30,ABCAPITAL,INE674K01013,NSE,380.6,51.66,701384523.4000001,1362612842.1,3567531,381.94842374179785,395.5120764854734,63.48484740635288,73.67669639223261,24247.93739834505,False,55.15999999999999,53.20272727272727,50.14439393939394,657527601.59,595420326.8613635,696241275.1712122,29481.748164628552,29140.02317868171,29897.64769107793,380.15,385.55,379.95,380.6,381.95,1842839.0,0.1160714285714342,-0.3534494043722858,10.053571428571429,63.48484740635288,33.5,380.6,365.52,410.76,109475.0,LARGE,2.64150589295098,False,B-GRADE,GRIND_COMPOUNDER,28.9,2026-09-30
2026-09-30,LAURUSLABS,INE947Q01028,NSE,1980.0,53.35,1476781020.0,2769093734.9,1397926,1980.8585968785187,1924.508236740047,30.61598773543583,45.151719721284245,60645.94250766536,False,53.658,54.03454545454545,53.33742424242424,1669406186.7800002,3931383059.386364,2759763739.284848,62714.45307466919,86894.85650658955,72709.95669354303,1993.0,2001.6,1955.1,1980.0,1980.86,745849.0,0.5354838709677439,-0.043415486202957876,48.81428571428574,30.61598773543583,50.09,1980.0,1885.2570975167407,2169.4858049665177,99417.0,LARGE,2.4653679653679665,False,B-GRADE,UNCLASSIFIED,28.4,2026-09-30
2026-09-30,TATAPOWER,INE245A01021,NSE,359.0,53.91,1045340867.0,1942198550.05,5401745,359.55021017282377,362.17372401770666,85.75831904489745,92.81184401162474,30834.42163666095,False,50.05,48.25181818181818,48.25,795480758.1800001,751699688.7977272,786287978.5666666,35553.42830059231,33614.01117864062,31496.42185087747,357.95,362.05,356.55,359.0,359.55,2911813.0,0.4454545454545434,-0.1529689890140462,7.732142857142866,85.75831904489745,46.11,359.0,347.4,382.2,117588.0,LARGE,2.1538002387584583,False,B-GRADE,UNCLASSIFIED,28.2,2026-09-30
2026-09-30,TATASTEEL,INE081A01020,NSE,184.3,58.07,3465819001.6000004,6058865328.54,32381754,187.10738549060684,185.5961383676582,131.63689210668596,206.65578048935944,24630.23471619111,False,45.018,48.79590909090909,51.538939393939394,1970720300.944,2552243196.29,2476157511.9971213,33020.902676822174,38354.51483017956,31894.00482772005,189.0,189.55,184.3,184.3,187.11,18805312.0,0.0,-1.5017903906792807,4.511428571428577,131.63689210668596,49.66,186.3000030517578,180.7385689871652,197.83,,UNKNOWN,2.4478722579645016,False,B-GRADE,GRIND_COMPOUNDER,26.9,2026-09-30
2026-09-30,DABUR,INE016A01026,NSE,380.1,58.17,432685694.7000001,747545830.7,1957070,381.9719431088311,382.6929590124282,51.04112875883473,75.36577576360328,19496.27913048014,False,60.746,61.092727272727295,55.17590909090909,595353733.8100001,579155259.7295455,480534861.3007575,29582.29692027177,28841.951735240487,26989.12732093664,379.95,384.65,379.15,380.1,381.97,1138347.0,0.172727272727281,-0.48956724350079917,7.435714285714279,51.04112875883473,41.52,380.1,368.95,402.41,67570.0,LARGE,1.9562521141053089,False,B-GRADE,GRIND_COMPOUNDER,26.8,2026-09-30
2026-09-30,ANTHEM,INE0CZ201020,NSE,858.6,54.01,88052005.8,164381724.35,189868,865.7684515031495,925.1896591335468,10.778768095373264,21.068306071907926,9331.91736304286,False,52.124,54.965,57.39484848484848,219124123.06,511204467.9886364,407803563.8901515,13949.459165467448,19492.17891318973,17491.81459622813,871.0,878.2,855.05,858.6,865.77,102553.0,0.15334773218142783,-0.828164524065278,28.735714285714266,10.778768095373264,64.16,858.6,815.5,944.81,52607.0,LARGE,3.3468104222821182,False,B-GRADE,UNCLASSIFIED,25.3,2026-09-30
2026-09-30,TVSHLTD,INE105A01035,NSE,12107.0,56.8,58731057.0,104642508.0,8540,12253.221077283371,13002.864195451695,2.365650969529086,2.3934526893268853,28986.84432132964,False,50.818,49.95181818181818,52.8169696969697,37039629.4,55084487.0,55375682.60606061,28547.055379081005,31121.740277556124,39292.219047132894,12300.0,12450.0,12045.0,12107.0,12253.22,4851.0,0.15308641975308643,-1.193318980643454,392.2857142857143,2.365650969529086,76.06,12107.0,11518.57,13283.86,,UNKNOWN,3.2401562260321657,False,B-GRADE,UNCLASSIFIED,24.7,2026-09-30
2026-09-30,CPPLUS,INE819V01029,NSE,3846.5,55.86,510680572.5,916845388.9,237687,3857.364470501121,3633.8901863297306,9.260773007091094,9.767852510356771,35722.17676692901,False,63.918000000000006,60.28363636363636,55.76545454545454,593510901.34,628614879.3318182,497795096.2787879,56216.81978084792,35495.30337890169,34552.44577243719,3840.1,3950.0,3766.0,3846.5,3857.36,132765.0,0.4375,-0.2815397059128588,182.02857142857144,9.260773007091094,23.41,3846.5,3573.46,4392.59,43826.0,LARGE,4.732316948617482,False,B-GRADE,UNCLASSIFIED,24.1,2026-09-30
2026-09-30,MANKIND,INE634S01028,NSE,2503.8,59.04,1938519577.8,3285399344.5,1311278,2505.494139686626,2398.5182201385437,25.259631684388967,15.989383057115258,63287.85915587918,False,52.176,55.83318181818181,54.31166666666667,777530475.4200001,563457997.6045455,548515501.1045455,38541.226638031774,38350.82659126547,39247.151334098766,2545.0,2552.0,2455.0,2503.8,2505.49,774231.0,0.5030927835051565,-0.06745187568099054,65.0714285714286,25.259631684388967,36.94,2503.8,2406.19,2699.01,95296.0,LARGE,2.5989068045142822,False,B-GRADE,UNCLASSIFIED,23.4,2026-09-30
2026-09-30,PFIZER,INE182A01018,NSE,3875.3,56.01,86488945.4,154188160.6,39848,3869.4077645051193,4166.632095151781,4.188354004624763,5.495759109338185,16206.44950599117,False,52.026,56.52454545454545,56.25030303030303,116771904.76,136062630.72727275,129251594.44696972,17391.283767409266,22898.80629219125,24248.80273779902,3916.0,3933.8,3833.5,3875.3,3869.41,22318.0,0.4167497507477578,0.15221958903295363,82.10714285714296,4.188354004624763,73.3,3875.3,3752.14,4121.62,21088.0,LARGE,2.1187299785085787,False,B-GRADE,UNCLASSIFIED,23.2,2026-09-30
2026-09-30,SUNDRMFAST,INE387A01021,NSE,1139.3,57.07,48447593.2,85280888.5,74514,1144.4948398958586,1233.9471608495144,7.860955797025001,10.817616609147723,8996.82334634455,False,63.488,55.25818181818183,58.84409090909091,194513645.92,133958916.1681818,131894326.89545456,15951.899108160547,13348.367302016386,14049.03467583169,1146.4,1159.0,1135.0,1139.3,1144.49,42524.0,0.17916666666666478,-0.45347709460109575,41.63571428571429,7.860955797025001,61.55,1139.3,1076.85,1264.21,25770.0,LARGE,3.654499630098683,False,B-GRADE,UNCLASSIFIED,22.7,2026-09-30
2026-09-30,TORNTPHARM,INE685A01028,NSE,4800.0,56.45,1078324800.0,1920774704.5,397999,4826.079222560861,4912.037734336492,11.863214998956748,11.716257579304044,57252.81541923753,False,63.91600000000001,62.20499999999999,60.11636363636364,1312361353.4,1095238419.7954545,1667355669.4151516,70787.05774926991,57550.69933474739,58688.77174968809,4935.0,4935.0,4786.0,4800.0,4826.08,224651.0,0.09395973154362416,-0.5403971753472736,104.78571428571429,11.863214998956748,61.08,4800.0,4642.82,5114.36,184745.0,LARGE,2.1830357142857144,False,B-GRADE,UNCLASSIFIED,21.4,2026-09-30
2026-09-30,BHARATFORG,INE465A01025,NSE,1926.0,59.22,1208135502.0,2040165863.7,1059256,1926.0366367525887,1982.007731263864,20.914073606065397,23.628337562744328,40281.27198902227,False,58.022000000000006,54.815909090909095,52.85181818181819,975828097.44,1043613860.7772728,1222719258.2272727,43238.61509341595,46831.54772627162,48594.05077817624,1931.0,1944.9,1891.6,1926.0,1926.04,627277.0,0.6454033771106937,-0.002076800066452833,49.199999999999996,20.914073606065397,50.05,1926.0,1830.5571114676336,2116.8857770647323,94791.0,LARGE,2.554517133956386,False,B-GRADE,UNCLASSIFIED,20.5,2026-09-30
2026-09-30,ENDURANCE,INE913H01037,NSE,2656.5,56.74,207464680.5,369878246.5,137641,2687.2679397853835,2739.231301973267,6.328903807246644,5.171453668840738,17007.46029519956,False,54.482000000000006,57.64045454545454,57.50651515151515,120797731.3,140483607.37272727,203118954.44242427,11241.252635171488,14165.807766393042,18471.89472399969,2665.0,2747.9,2621.1,2656.5,2687.27,78097.0,0.27917981072555237,-1.1450282256714073,78.39999999999993,6.328903807246644,64.76,2656.5,2538.9,2891.7,39144.0,LARGE,2.951251646903818,False,B-GRADE,UNCLASSIFIED,19.7,2026-09-30
2026-09-30,ANURAS,INE930P01018,NSE,1181.0,53.72,84995389.0,157693474.9,133965,1177.1244347404174,1187.5981873857652,15.087847730600291,25.614876437207023,17760.274231332358,False,56.14,58.30181818181818,56.9769696969697,142757796.0,365743839.38181823,274353994.92727274,17952.573594786758,30420.18082693741,46985.08361880576,1181.0,1188.5,1169.0,1181.0,1177.12,71969.0,0.6153846153846154,0.32961805083595586,36.89285714285716,15.087847730600291,30.51,1181.0,1125.66,1291.68,14103.0,MID,3.1238659731462457,False,B-GRADE,CLEAN_RUNNER,19.0,2026-09-30
2026-09-30,HYUNDAI,INE0V6F01027,NSE,2031.0,50.4,659664738.0,1327390039.5,644391,2059.913995539975,2163.138983886125,12.200908832717976,16.26737445444009,25132.82286282306,False,44.726,50.346818181818186,49.73242424242424,637047076.22,705318792.6227273,727176296.9606062,37000.96172823504,35188.591847872645,37377.158483479725,2060.0,2084.6,2026.7,2031.0,2059.91,324798.0,0.07426597582037936,-1.403459374438687,63.82142857142863,12.200908832717976,46.94,2031.0,1935.27,2222.46,179165.0,LARGE,3.1423647745656638,False,B-GRADE,GRIND_COMPOUNDER,18.2,2026-09-30
2026-09-30,PIIND,INE603J01030,NSE,2310.0,53.08,213360840.0,400098642.7,174009,2299.298557545874,2355.7044398120584,10.004542057149427,12.703643535905464,23003.42912091071,False,44.752,45.15136363636363,48.55318181818181,228343368.72,283080496.98181814,314741788.3015152,24116.95611483633,29926.029479322257,30663.723738938435,2290.0,2322.8,2270.0,2310.0,2299.3,92364.0,0.757575757575755,0.46535902231112924,65.04285714285713,10.004542057149427,54.47,2310.0,2212.44,2505.13,35106.0,LARGE,2.8157081014223864,False,B-GRADE,CLEAN_RUNNER,17.6,2026-09-30
2026-09-30,SHYAMMETL,INE810G01011,NSE,1065.0,51.62,129327210.0,251646525.9,235248,1069.707397724954,1085.817090880313,12.594250227528242,27.803679877969135,13472.162637186146,False,59.434000000000005,55.21636363636362,48.73348484848484,383765714.02,396298103.1454546,289151092.6689393,37837.92321671643,30189.71080086394,32857.04566863187,1076.9,1078.5,1055.0,1065.0,1069.71,121434.0,0.425531914893617,-0.440306251226974,32.30714285714287,12.594250227528242,29.13,1065.0,1016.54,1161.92,29736.0,LARGE,3.0335345405767953,False,B-GRADE,UNCLASSIFIED,17.5,2026-09-30
2026-09-30,COLPAL,INE259A01022,NSE,1763.3,55.64,271322497.6,494162593.8,276534,1786.9867495497842,1850.901196805252,13.373990424142766,18.04594596778029,23899.14367654882,False,59.63000000000001,59.02863636363636,53.6178787878788,375055107.64,501678883.9363636,389820377.19696975,33786.77599223797,33401.26298924746,28460.8016183577,1790.1,1808.6,1763.3,1763.3,1786.99,153872.0,0.0,-1.3256929249743976,42.357142857142854,13.373990424142766,33.11,1763.3,1699.76,1890.37,49752.0,LARGE,2.402151809513007,False,B-GRADE,GRIND_COMPOUNDER,16.5,2026-09-30
2026-09-30,PAGEIND,INE761H01022,NSE,36385.0,55.48,1686663060.0,3054923475.0,83553,36562.70241643029,36064.60025455037,4.101364618103278,2.265403799580413,149956.97403298644,False,36.526,46.52909090909091,47.04257575757576,249245967.0,347610627.27272725,533598927.5,81581.53524695062,81700.88244700714,94103.62550828162,36695.0,37150.0,36210.0,36385.0,36562.7,46356.0,0.18617021276595744,-0.4860144354765894,865.7142857142857,4.101364618103278,57.27,35240.0,34700.205363141664,38982.14,40489.0,LARGE,2.3793164373073674,False,B-GRADE,UNCLASSIFIED,14.4,2026-09-30
2026-09-30,GLAXO,INE159A01016,NSE,2769.3,54.78,69478967.7,127141263.4,45801,2775.9495076526714,2937.3799356888194,4.479315403422984,7.186564785967304,12434.353388753058,False,45.74,51.51363636363637,53.96136363636364,145693102.02,127586715.82727274,158034236.73636365,21869.23679397378,21109.67120882817,19090.740084633588,2783.8,2813.6,2752.1,2769.3,2775.95,25089.0,0.2796747967479719,-0.23955762891981758,87.6714285714286,4.479315403422984,48.77,2769.3,2637.79,3032.31,50112.0,LARGE,3.165833552573885,False,B-GRADE,UNCLASSIFIED,11.9,2026-09-30
2026-09-30,SHREECEM,INE070A01015,NSE,22345.0,55.93,261972780.0,465312155.0,20963,22196.83036779087,22324.890567929528,2.439543814732922,2.65482432966473,54150.14023042011,False,50.606,51.17363636363636,48.48484848484848,1567392752.0,533021632.04545456,405461381.2121212,86093.16757688255,59268.66263684195,62977.29008405864,21900.0,22400.0,21900.0,22345.0,22196.83,11724.0,0.89,0.667527750584207,504.2857142857143,2.439543814732922,50.0,22345.0,21588.57,23857.86,86071.0,LARGE,2.256816801457661,False,B-GRADE,CLEAN_RUNNER,9.1,2026-09-30
2026-09-30,SOFTTECH,INE728Z01015,NSE,493.5,82.2,7142919.0,9091186.7,17609,516.2806916917485,480.9290659031221,51.48830409356725,44.68220053056715,26582.417251461982,False,71.186,78.34818181818181,75.01287878787878,2363208.04,3280239.6727272733,1778556.758181818,11236.256464751565,21488.96896366165,16124.293368965447,522.0,522.0,492.5,493.5,516.28,14474.0,0.03389830508474576,-4.412334392190276,27.51785714285714,51.48830409356725,74.95,493.5,452.22,576.05,586.0,MICRO,5.576060211318569,False,C-GRADE,GRIND_COMPOUNDER,49.3,2026-09-30
2026-09-30,KAPSTON,INE542Z01028,NSE,550.35,90.06,245108278.8,272540501.7,494511,551.1313230646032,563.5531692975754,115.86480787253984,31.6786487172472,63856.72485941893,False,65.816,57.51954545454546,57.1010606060606,222627893.06,69245532.29545456,34294711.98257576,31750.70011120017,17852.60288366923,13354.64143119692,569.0,569.0,545.25,550.35,551.13,445368.0,0.21473684210526411,-0.14152740732675806,27.207142857142873,115.86480787253984,78.57,550.3499755859375,494.0642438616072,662.9214390345982,,UNKNOWN,4.943607314825633,False,C-GRADE,GRIND_COMPOUNDER,47.5,2026-09-30
2026-09-30,GNRL,INE207H01018,NSE,98.26,80.23,67356443.92,83379708.33,854365,97.5926077613198,104.18983095483694,216.6789246766421,70.06189993074398,21146.261306112097,False,63.466,57.10136363636365,51.04318181818181,53554111.602,27512555.203181807,16330670.842727272,10107.84459482405,7299.737510158916,6324.328372327937,98.9,99.9,97.0,98.26,97.59,685492.0,0.4344827586206906,0.686545752638601,5.072857142857143,216.6789246766421,75.09,98.26000213623048,88.68286241803851,117.4142815726144,,UNKNOWN,5.162687912535256,False,C-GRADE,UNCLASSIFIED,46.9,2026-09-30
2026-09-30,PROZONER,INE195N01013,NSE,56.52,87.51,65816353.080000006,75332818.24,1330700,56.61142123694296,51.88299693555795,456.6575154426905,175.34827487835923,25852.03096774193,False,74.506,68.74454545454545,63.56378787878788,32259972.584,15323260.955454543,9545528.259545457,11934.299401770168,9097.594008169284,7916.106179419793,56.1,57.7,55.85,56.52,56.61,1164479.0,0.3621621621621628,-0.15898251192367763,2.6864285714285714,456.6575154426905,73.09,56.20000076293945,50.82714298793248,66.94571631295341,,UNKNOWN,4.753058335860883,False,C-GRADE,GRIND_COMPOUNDER,43.3,2026-09-30
2026-09-30,ENERGYINF,INE05KD23015,BSE,73.89,100.0,22167000.0,22043500.0,300000,73.47833333333334,73.38165404040404,25000.0,44019.99561367637,1836958.3333333333,False,92.782,88.79227272727272,88.3119696969697,44562750.0,61453465.90909091,99348837.12121212,3312665.8325552447,3230260.088982903,2927749.591080704,,,,,,,,,,25000.0,81.18,73.89,70.01,81.65,,UNKNOWN,,False,C-GRADE,GRIND_COMPOUNDER,37.3,2026-09-30
2026-09-30,EXHICON,INE0O8901016,BSE,525.85,92.19,40358987.5,43405687.0,83250,521.3896336336336,489.21265720081135,1224.264705882353,451.5613137784085,638318.9264705882,False,84.558,74.39318181818182,72.93681818181818,39656785.0,15685505.113636363,11660290.530303031,379204.7557584485,220909.51020262451,176898.57088955896,,,,,,,,,,1224.264705882353,81.18,519.5499877929688,484.6714085170201,589.307146344866,853.0,MICRO,,False,C-GRADE,GRIND_COMPOUNDER,37.3,2026-09-30
2026-09-30,HIMTEK,INE705G01021,BSE,253.05,100.0,3952894.05,3963907.0,15621,253.75500928237628,277.9359052381606,300.40384615384613,150.10831831303676,76228.98076923077,False,100.0,100.0,88.0937878787879,2601278.32,4868005.527272727,6677174.262121213,27776.373762220377,41720.49133411184,45964.61989131756,,,,,,,,,,300.40384615384613,81.18,253.05,239.76,279.62,283.0,MICRO,,False,C-GRADE,GRIND_COMPOUNDER,37.3,2026-09-30
2026-09-30,PURSHOTTAM,INE729C01020,BSE,35.85,100.0,3692.55,3692.0,103,35.84466019417476,34.420624876621865,34.333333333333336,1546.9718312965126,1230.6666666666667,False,99.954,90.7709090909091,88.48727272727274,3423419.484,2176255.0936363637,922525.9574242424,143959.10952380954,53247.73709975802,34503.772283558406,,,,,,,,,,34.333333333333336,81.18,35.85,33.97,39.61,24.0,MICRO,,False,C-GRADE,GRIND_COMPOUNDER,37.3,2026-09-30
2026-09-30,QUESTFLOW,INE0OYE01013,BSE,150.0,95.79,2730000.0,2856180.0,19000,150.32526315789474,163.19029309344168,475.0,473.9184712425789,71404.5,False,86.56400000000001,81.67545454545456,93.8918181818182,3503318.0,4383716.818181818,2365954.090909091,86586.25457559983,77338.89422447226,66452.51760995071,,,,,,,,,,475.0,81.18,150.0,142.12,165.75,,UNKNOWN,,False,C-GRADE,GRIND_COMPOUNDER,37.3,2026-09-30
2026-09-30,SHOORA,INE0OJZ01019,BSE,74.7,100.0,224100.0,224100.0,3000,74.7,70.92595744680851,1500.0,5565.766091449527,112050.0,True,100.0,100.0,100.0,231738.0,908366.5909090908,641543.1818181818,127897.5,394757.2889610389,293486.95346320345,,,,,,,,,,1500.0,81.18,74.7,70.78,82.54,,UNKNOWN,,False,C-GRADE,GRIND_COMPOUNDER,37.3,2026-09-30
2026-09-30,SANJIVIN,INE860D01013,BSE,167.0,86.88,528555.0,613678.0,3643,168.4540214109251,189.8699124425773,42.858823529411765,176.1199302568192,7219.7411764705885,False,91.992,86.47,81.89954545454543,422931.21,3034248.9863636363,2603195.8143939395,10045.075671544968,33439.875737255075,24058.79285589004,,,,,,,,,,42.858823529411765,78.53,167.0,158.23,184.53,212.0,MICRO,,False,C-GRADE,GRIND_COMPOUNDER,35.8,2026-09-30
2026-09-30,MARBLE,INE807H01023,BSE,169.25,100.0,1175441.25,1164138.0,6945,167.62246220302376,123.89334380787574,136.1764705882353,963.4334613527786,22826.235294117647,False,100.0,93.39363636363638,93.39803030303032,865006.6699999999,25759036.077272724,10352050.36651515,23120.46600732601,119362.99306339156,77443.60327887672,,,,,,,,,,136.1764705882353,76.82,169.25,160.36,187.02,440.0,MICRO,,False,C-GRADE,GRIND_COMPOUNDER,34.9,2026-09-30
2026-09-30,PRARUH,INE0TI501017,BSE,188.8,100.0,20768000.0,20727900.0,110000,188.43545454545452,127.57512582781456,2244.8979591836733,2634.681681119014,423018.3673469388,False,100.0,100.0,95.80939393939394,7913740.0,8784515.454545455,4476244.545454546,342755.7244607244,336119.8469849962,235229.74426685332,,,,,,,,,,2244.8979591836733,76.2,188.8,178.89,208.62,213.0,MICRO,,False,C-GRADE,GRIND_COMPOUNDER,34.6,2026-09-30
2026-09-30,BRGIL,INE00ST01011,BSE,192.35,100.0,6539900.0,6461700.0,34000,190.05,187.0404034896401,1030.3030303030305,1644.5741347150445,195809.0909090909,False,100.0,100.0,93.3010606060606,10381540.0,7784556.818181818,9006912.878787879,314613.4722222222,307601.8097257277,241387.76508119504,,,,,,,,,,1030.3030303030305,74.03,185.0500030517578,167.9535685947963,212.55,448.0,MICRO,,False,C-GRADE,GRIND_COMPOUNDER,33.4,2026-09-30
2026-09-30,SHINDL,INE220Z01013,NSE,159.6,83.22,8802897.6,10577951.01,66280,159.59491566083284,161.29755356695233,117.9359430604982,256.9749432104111,18821.976886121,False,40.222,34.89681818181818,26.5160606060606,13947312.382,15927244.617727274,8594765.749545453,26690.67431400266,41449.42966784582,33035.54387715073,160.32,160.39,158.16,159.6,159.59,55156.0,0.6457399103139033,0.006266056770476425,4.302142857142856,117.9359430604982,73.64,159.6,153.15,172.51,632.0,MICRO,2.6955782312925165,False,C-GRADE,CLEAN_RUNNER,33.1,2026-09-30
2026-09-30,GOELCONS,INE0ZOM01013,BSE,418.0,100.0,836000.0,841600.0,2000,420.8,405.797311827957,400.0,580.4205350179586,168320.0,False,96.484,97.95954545454543,99.31984848484848,2766824.0,3972662.727272727,3896910.303030303,212538.9978021978,235533.0928400322,216752.34742849733,,,,,,,,,,400.0,72.52,418.0,396.06,461.89,,UNKNOWN,,False,C-GRADE,GRIND_COMPOUNDER,32.5,2026-09-30
2026-09-30,PESB,INE510U01018,BSE,252.0,95.83,4636800.0,4885560.0,19200,254.45625,261.3539019963702,1066.6666666666663,922.2128072340914,271420.0,False,56.688,58.18181818181818,81.88045454545455,3680992.0,3356287.272727273,4433484.242424242,247437.9748768473,241023.91564165615,282342.05053511134,,,,,,,,,,1066.6666666666663,71.17,252.0,238.77,278.46,466.0,MICRO,,False,C-GRADE,GRIND_COMPOUNDER,31.8,2026-09-30
2026-09-30,NCML,INE346R01013,BSE,127.5,100.0,612000.0,613600.0,4800,127.83333333333331,117.238730964467,1600.0000000000002,1709.462317543793,204533.3333333333,False,55.048,78.80727272727273,82.89257575757577,815984.0,3769082.909090909,1910466.4242424243,195664.4571428572,200415.19274041103,189611.24338234012,,,,,,,,,,1600.0000000000002,70.94,127.5,120.81,140.89,,UNKNOWN,,False,C-GRADE,GRIND_COMPOUNDER,31.6,2026-09-30
2026-09-30,JOJO,INE312M01024,BSE,225.6,100.0,2163052.8,2175451.0,9588,226.8930955360868,212.0940748196999,233.85365853658536,354.7566227426697,53059.78048780488,False,100.0,94.59772727272728,79.00424242424243,7487003.620000002,13705458.07272727,9510022.990151515,60060.97903963076,75241.77768676785,42723.92979893841,,,,,,,,,,233.85365853658536,67.62,225.6,213.76,249.29,1621.0,MICRO,,False,C-GRADE,GRIND_COMPOUNDER,29.8,2026-09-30
2026-09-30,ENS,INE23ER01017,BSE,101.2,88.89,3886080.0,4378500.0,43200,101.35416666666669,102.559345703125,3085.714285714286,2240.915719096037,312750.0,False,74.054,88.41909090909091,90.56370370370372,5832060.0,4951347.2727272725,13867517.777777778,327618.1244614209,229826.8499263374,220851.7484595098,,,,,,,,,,3085.714285714286,67.08,101.2,95.89,111.83,,UNKNOWN,,False,C-GRADE,GRIND_COMPOUNDER,29.5,2026-09-30
2026-09-30,CHANDRIMA,INE371F01024,BSE,11.76,100.0,54307.68,54307.0,4618,11.759852750108273,15.251381186609814,61.57333333333333,332.5251907458666,724.0933333333334,False,100.0,98.51318181818182,76.76106060606061,71322.552,20417681.355,11299117.205454549,1016.044389943088,5071.46843821535,9071.267871590278,,,,,,,,,,61.57333333333333,65.96,11.76,11.14,12.99,459.0,MICRO,,False,C-GRADE,GRIND_COMPOUNDER,28.9,2026-09-30
2026-09-30,HORIZON,INE1SEO01013,BSE,138.55,83.22,19784940.0,24009420.0,171600,139.91503496503498,135.09033434650456,1603.738317757009,1484.2477152515487,224387.10280373832,False,75.976,80.98681818181818,78.97090909090909,12883416.0,9417559.090909092,10303647.272727272,232342.2617651648,200507.5201063672,200422.88275091792,,,,,,,,,,1603.738317757009,65.9,138.55,131.28,153.1,,UNKNOWN,,False,C-GRADE,GRIND_COMPOUNDER,28.8,2026-09-30
2026-09-30,RAJSEC,INE184D01026,BSE,58.99,100.0,282680.08,282358.0,4792,58.92278797996661,57.55477965608617,191.68,5414.130297593983,11294.32,False,99.998,99.69363636363636,98.14575757575756,1360943.026,14135584.122727277,13362027.684848484,43009.58073846574,311609.0763073619,244078.4839616388,,,,,,,,,,191.68,64.27,58.99,55.89,65.18,,UNKNOWN,,False,C-GRADE,GRIND_COMPOUNDER,27.9,2026-09-30
2026-09-30,KINETICENG,INE266B01017,BSE,250.4,100.0,3704668.0,3707996.0,14795,250.6249408583981,224.9526975897386,82.19444444444444,129.85755155092866,20599.977777777774,False,100.0,100.0,96.8486363636364,7218328.88,8288382.454545454,7622691.308333333,31129.316755317013,29211.806523779946,27221.765379956654,,,,,,,,,,82.19444444444444,62.83,250.4,237.25,276.69,610.0,MICRO,,False,C-GRADE,GRIND_COMPOUNDER,27.1,2026-09-30
2026-09-30,IIRM,INE670C01026,BSE,116.8,100.0,1861558.4,1861701.0,15938,116.80894717028484,135.3149273553576,183.19540229885055,252.20286708635305,21398.86206896552,False,100.0,100.0,99.4319696969697,5686515.65,4303636.961363637,3439961.596212121,37312.19721547332,34126.81263860277,30395.77488876865,,,,,,,,,,183.19540229885055,60.73,116.8,110.67,129.06,976.0,MICRO,,False,C-GRADE,GRIND_COMPOUNDER,26.0,2026-09-30
2026-09-30,ACESOFT,INE849B01010,BSE,200.25,100.0,13463608.5,13147672.0,67234,195.55094148793765,199.02170309580887,231.0446735395189,193.20779393118676,45181.00343642612,False,100.0,100.0,81.47439393939393,10500511.55,7690487.995454544,7479655.909090909,43220.04502281069,38452.54419956887,31427.099944255744,,,,,,,,,,231.0446735395189,41.47,200.25,189.74,221.28,259.0,MICRO,,False,C-GRADE,GRIND_COMPOUNDER,20.0,2026-09-30
2026-09-30,NATFIT,INE643C01015,BSE,328.0,100.0,13613312.0,13617762.0,41504,328.1072185813416,259.09087386552056,157.21212121212122,178.33824552937705,51582.431818181816,False,100.0,90.325,88.89954545454543,6371666.790000001,9613446.831818182,5054505.65,33895.1999026125,46205.81187785007,35254.822914681194,,,,,,,,,,157.21212121212122,36.96,328.0,310.78,362.44,213.0,MICRO,,False,C-GRADE,GRIND_COMPOUNDER,20.0,2026-09-30
2026-09-30,SPICELOUNG,INE631E01024,BSE,29.36,100.0,3885766.64,3885766.0,132349,29.359995164300447,31.79910804987681,682.2113402061856,630.3413486294852,20029.72164948453,False,100.0,67.21136363636364,68.08696969696969,1217854.332,12723582.72,6302336.112878786,10060.58786001775,20044.29265337407,12007.156244986298,,,,,,,,,,682.2113402061856,49.25,29.36,27.82,32.44,2929.0,SMALLISH,,False,C-GRADE,GRIND_COMPOUNDER,20.0,2026-09-30
2026-09-30,SAPL,INE002E01010,BSE,8577.95,100.0,2427559.85,2407581.0,283,8507.353356890459,7105.268304316718,3.144444444444445,9.18733655816743,26750.9,False,100.0,100.0,86.67257575757574,5683287.98,2698576.036363636,1835435.796212121,88476.16259854854,65278.49124783729,57649.43221408087,,,,,,,,,,3.144444444444445,76.34,8577.95,8127.61,9478.63,,UNKNOWN,,False,C-GRADE,UNCLASSIFIED,16.7,2026-09-30
2026-09-30,GALAGEX,INE803L01016,BSE,92.45,100.0,6841.3,6863.0,74,92.74324324324324,92.21379161919438,7.399999999999999,916.6706841821866,686.3,False,100.0,91.43363636363635,73.97424242424245,3416323.6159999995,4120155.1536363633,3858845.843636364,94171.27699005757,84529.6794546005,80953.80832020014,,,,,,,,,,7.399999999999999,70.18,96.88999938964844,77.37856892177037,102.16,,UNKNOWN,,False,C-GRADE,UNCLASSIFIED,16.1,2026-09-30
2026-09-30,SMCGLOBAL,INE103C01036,NSE,94.48,27.68,178816249.28,639567956.42,6836896,93.5465387245908,91.80479873590744,156.9499322788733,191.23140983098003,14682.122917747523,False,31.712,49.974545454545456,55.923030303030295,141975050.344,72050054.34136364,42722957.62196969,12166.058839725538,17555.961091516954,16046.759765849269,93.0,96.24,91.17,94.48,93.55,1892636.0,0.6528599605522696,0.9941207910208583,6.110714285714287,156.9499322788733,75.07,94.48,85.31,112.81,1701.0,MICRO,6.467733155921134,False,RETAIL,CLEAN_RUNNER,71.1,2026-09-30
2026-09-30,ALGOQUANT,INE598D01035,NSE,66.03,21.91,16989849.15,78551561.07,1174607,66.87475987287662,67.68447002633185,169.2761204784551,378.62753331078176,11320.29990920882,False,25.24,28.18227272727272,25.35878787878788,26858211.166,27590732.046818186,23188011.61712121,16268.04425142918,25627.20392951757,23992.797071651315,65.15,69.1,65.15,66.03,66.87,257305.0,0.22278481012658177,-1.256168685509207,3.8449999999999998,169.2761204784551,65.96,66.03,60.26,77.56,1971.0,MICRO,5.823110707254278,False,RETAIL,GRIND_COMPOUNDER,64.0,2026-09-30
2026-09-30,CONFIPET,INE552D01024,NSE,88.13,39.26,63308802.41,161670547.34,1829935,88.3476994210177,86.80976348397762,70.42545412561576,148.7231654480386,6221.926852678572,False,38.458,43.81545454545455,44.29954545454545,88399174.706,142625584.66272727,123276063.63954544,8667.776736160657,12910.622817132702,14297.16709150326,87.0,89.55,86.52,88.13,88.35,718357.0,0.531353135313531,-0.2490096208262571,5.042142857142859,70.42545412561576,76.16,88.13,80.57,103.26,2883.0,SMALLISH,5.7212559368465445,False,RETAIL,UNCLASSIFIED,63.6,2026-09-30
2026-09-30,POLICYBZR,INE417T01026,NSE,1063.9,37.84,3589217723.8,9483360945.6,8915211,1063.72815467856,1311.4443994447506,39.90337033390028,40.51729813235323,42446.33849073494,False,46.826,52.26181818181818,54.11151515151515,10779553891.14,3337748702.372728,2400967463.4333334,83640.26157187534,53136.1837163079,48675.59887436605,1087.0,1098.0,1031.4,1063.9,1063.73,3373642.0,0.48798798798798865,0.015981499064610105,121.69285714285716,39.90337033390028,30.46,1063.9,957.51,1428.98,84951.0,LARGE,11.438373638768413,False,RETAIL,UNCLASSIFIED,63.2,2026-09-30
2026-09-30,STLNETWORK,INE1VXE01018,NSE,48.97,39.45,509982002.84,1354059390.35,26400187,51.28976511984555,43.03327042074862,721.9872832686101,628.5871499962693,37030.55817836241,False,46.972,61.27181818181817,54.15696969696969,316572213.838,165882604.47136366,96973773.76166669,43953.31895200128,27050.160808797133,17343.73362085587,51.93,51.93,48.48,48.97,51.29,10414172.0,0.14202898550724682,-4.523298888672256,2.6771428571428575,721.9872832686101,73.0,48.97,44.95,57.0,1999.0,MICRO,5.466903935354008,False,RETAIL,GRIND_COMPOUNDER,60.3,2026-09-30
2026-09-30,LALITHAA,INE0K9O01026,NSE,381.9,36.85,947856323.1,2622306577.4,6734536,389.38192288228913,307.9305622001117,153.45522490087956,171.51944785947003,59752.69054823862,False,43.634,42.18454545454546,40.41576923076923,1471681987.7,1192724446.759091,1584019413.6819232,70928.2862390436,52816.08000761936,48879.7089303463,384.0,393.75,375.5,381.9,389.38,2481949.0,0.3506849315068481,-1.9210026195490282,19.171428571428574,153.45522490087956,71.92,320.1000061035156,343.8107169015067,439.41,18806.0,MID,5.0200127183630725,False,RETAIL,GRIND_COMPOUNDER,57.8,2026-09-30
2026-09-30,AVALON,INE0LCL01028,NSE,2296.7,39.8,1837938768.4,4502229122.4,2010767,2239.06057857524,2356.066113379693,24.66623731890725,10.45288068957197,55229.19960254664,False,35.868,34.81318181818182,38.95257575757575,235744268.96,498164889.209091,385641392.7090908,21792.83751863592,24627.67797990148,22728.89365324081,2205.0,2319.5,2180.0,2296.7,2239.06,800252.0,0.8365591397849449,2.57429457004279,144.56428571428575,24.66623731890725,64.91,2296.7,2079.85,2730.39,14676.0,MID,6.294434872394556,False,RETAIL,CLEAN_RUNNER,57.1,2026-09-30
2026-09-30,EMIL,INE02YR01019,NSE,205.36,27.87,818755739.44,2923361189.25,14305072,204.3583694825164,190.63576787166213,85.67809634469913,75.24672491244597,17509.036069368663,False,40.3,42.42363636363636,43.30530303030302,303434935.128,234876829.92909092,256963232.08757576,14467.928859483092,14344.717183511868,15773.012867621152,192.0,208.98,192.0,205.36,204.36,3986929.0,0.7868080094228517,0.4893325504012447,10.183571428571428,85.67809634469913,65.44,205.36,190.08,235.91,6685.0,SMALLISH,4.958887528521341,False,RETAIL,CLEAN_RUNNER,56.6,2026-09-30
2026-09-30,CMPDI,INE05HV01027,NSE,209.21,42.43,64522456.1,153349962.57,726889,210.96751026635428,223.1419560508632,51.59998580251296,74.51816510914166,10885.920534535388,False,43.564,45.46727272727273,43.92666666666667,120689655.182,188307634.7372727,245520607.9898485,13725.124214646154,16628.129123775056,18304.40482541538,213.1,214.89,207.5,209.21,210.97,308410.0,0.231393775372126,-0.834241835332028,9.15142857142857,51.59998580251296,74.03,209.21,195.48,236.66,14801.0,MID,4.374278749308623,False,RETAIL,GRIND_COMPOUNDER,53.3,2026-09-30
2026-09-30,ORGANICREC,INE0MIO01019,BSE,207.45,42.73,8775135.0,20150010.0,99000,203.5354545454545,174.2336186540732,908.256880733945,1049.6353676433052,184862.47706422015,False,55.276,32.27363636363636,23.706969696969697,11536146.0,5068613.863636363,3705221.590909091,242556.9742104031,182881.7683717916,170786.50742646836,,,,,,,,,,908.256880733945,81.18,195.0,173.1142861502511,238.77142769949776,,UNKNOWN,,False,RETAIL,UNCLASSIFIED,49.0,2026-09-30
2026-09-30,SBICARD,INE018E01016,NSE,578.05,46.37,156078124.39999998,340260736.4,582328,584.3111380527812,644.6902630562863,28.227241880756186,57.53031913292944,16493.491827435773,False,50.94199999999999,54.63045454545454,49.349848484848486,348568338.28000003,1246067423.5590906,775916216.2704545,20226.46061270821,37089.23657552038,31782.26720057107,585.15,591.25,578.05,578.05,584.31,270008.0,0.0,-1.0713491126285724,18.103571428571406,28.227241880756186,83.42,578.05,550.89,632.36,60639.0,LARGE,3.13183486351897,False,RETAIL,GRIND_COMPOUNDER,48.7,2026-09-30
2026-09-30,LODHA,INE670K01029,NSE,1135.0,45.3,914622725.0,1978665369.7,1779057,1112.198973782178,1146.878526428086,46.55511069241639,45.94725218006924,51778.546336421205,False,53.374,48.98499999999999,44.77954545454545,1880049603.26,1212598332.672727,1328398135.930303,63619.13333175884,52695.91687369747,52529.38206557116,1103.0,1135.0,1091.8,1135.0,1112.2,805835.0,1.0,2.049991008811358,41.40714285714288,46.55511069241639,74.07,1106.5999755859375,1021.9857090541294,1259.22,,UNKNOWN,3.6482064191315313,False,RETAIL,CLEAN_RUNNER,48.1,2026-09-30
2026-09-30,ITCONS,INE0O6A01019,BSE,263.45,34.21,684970.0,1995190.0,7600,262.525,276.3929097811523,262.0689655172414,314.96166508320664,68799.6551724138,False,57.06,52.55090909090909,65.14636363636363,5510180.0,6595358.181818182,6260224.090909091,74997.40618064596,87053.17108186425,95856.76433204216,,,,,,,,,,262.0689655172414,74.7,299.5,235.4225366253104,291.11,230.0,MICRO,,False,RETAIL,UNCLASSIFIED,48.0,2026-09-30
2026-09-30,KNRCON,INE634I01029,NSE,118.58,39.52,21477802.5,54607767.87,458300,119.1528864717434,121.95419562286318,71.08732743911897,99.19915585869428,8470.260255932992,False,44.106,46.64272727272728,49.3669696969697,45518515.042,99918233.40590908,79838986.72484848,10680.95693386995,12097.753259214096,11294.984678659432,118.38,120.6,118.08,118.58,119.15,181125.0,0.19841269841269873,-0.4783885858162029,4.654999999999999,71.08732743911897,66.93,118.58,111.6,132.54,3416.0,SMALLISH,3.9256198347107434,False,RETAIL,GRIND_COMPOUNDER,47.6,2026-09-30
2026-09-30,SWIGGY,INE00H001014,NSE,250.1,43.36,989660455.9,2303451773.0,9125415,252.42159101805237,275.1731972024276,150.62417469959064,215.96848163541472,38020.793823451735,False,44.84400000000001,51.13045454545455,41.8019696969697,1670535403.27,4334090950.9,2773297678.646061,42690.31901860719,59428.73758657083,49556.08985721509,255.95,257.0,250.0,250.1,252.42,3957059.0,0.014285714285713473,-0.9191030821646407,9.121428571428568,150.62417469959064,72.08,250.1,236.42,277.46,78490.0,LARGE,3.647112583538012,False,RETAIL,GRIND_COMPOUNDER,47.6,2026-09-30
2026-09-30,GREENPLY,INE461C01038,NSE,299.95,39.7,102401430.25,255910992.45,859868,297.61660214125885,293.01838519006725,50.60726266847154,42.47510533478341,15061.561559060678,False,65.63399999999999,56.50863636363635,54.47287878787879,55340424.83,35049130.638636366,33661284.9289394,10194.069491952205,12445.986775976246,13243.489284627316,281.0,303.9,280.7,299.95,297.62,341395.0,0.8297413793103452,0.7828774947920003,10.239285714285716,50.60726266847154,70.62,299.95,284.59,330.67,3662.0,SMALLISH,3.4136641821255926,False,RETAIL,CLEAN_RUNNER,46.5,2026-09-30
2026-09-30,SHUKRAPHAR,INE551C01044,NSE,62.09,31.47,117990185.81,373692566.91,6037718,61.89301436569247,55.27232943200127,173.7172862239613,298.7983063639596,10751.886491828747,False,31.890000000000004,41.26863636363637,50.85833333333333,80816616.352,68728134.93954545,32744434.88863637,13075.43647784321,16515.278423072818,13493.442780611658,60.96,63.36,60.77,62.09,61.89,1900309.0,0.5096525096525105,0.3231539828728369,3.020714285714287,173.7172862239613,44.96,62.09,56.70034339828649,72.86931320342703,2289.0,SMALLISH,4.865057635229967,False,RETAIL,CLEAN_RUNNER,46.4,2026-09-30
2026-09-30,PAYTM,INE982J01020,NSE,1678.0,45.21,1839046050.0,4081456886.3,2424277,1683.5769535824495,1732.291444407887,20.169197234539965,38.24724894906811,33956.39563633036,False,47.676,43.73318181818182,42.76287878787878,3094366287.88,3104942911.604546,2744828874.237879,59328.63940192369,66255.38212660923,61375.44242244296,1701.0,1708.0,1667.1,1678.0,1683.58,1095975.0,0.2665036674816642,-0.3314365815702214,71.3214285714286,20.169197234539965,72.7,1678.0,1571.02,1891.96,106396.0,LARGE,4.25038310914354,False,RETAIL,GRIND_COMPOUNDER,44.4,2026-09-30
2026-09-30,WIPRO,INE075A01022,NSE,158.5,46.44,1175216002.0,2549259844.27,15966068,159.66735480958744,164.68498830380474,148.79007697612434,184.02730552296987,23756.918012692677,False,54.686,48.720000000000006,47.90878787878788,5104554993.216,1875216525.0259087,1460976985.2887878,51333.67820752548,30306.534657631,27973.72933654738,157.01,161.73,157.01,158.5,159.67,7414612.0,0.3156779661016969,-0.7327613202229522,3.5907142857142804,148.79007697612434,73.74,156.7899932861328,152.05714198521204,169.27,,UNKNOWN,2.265434880576833,False,RETAIL,GRIND_COMPOUNDER,43.7,2026-09-30
2026-09-30,SAGCEM,INE229C01021,NSE,148.64,45.8,1526830.0799999998,3339025.18,22428,148.87752719814517,152.1683652798133,34.39877300613497,54.89210569170824,5121.204263803681,False,60.604,66.54181818181819,59.97969696969697,3144573.134,6098410.828636364,4791721.946969697,6166.511479758862,8352.841989873978,7093.215687838898,146.15,150.28,146.15,148.64,148.88,10272.0,0.6029055690072599,-0.1612036539494932,4.442142857142859,34.39877300613497,72.42,148.64,141.98,161.97,1976.0,MICRO,2.988524527141321,False,RETAIL,UNCLASSIFIED,43.1,2026-09-30
2026-09-30,CARBORUNIV,INE120A01034,NSE,1252.5,45.31,269616907.5,592918098.6,475133,1247.8992168508607,1216.6762502185145,13.053104395604397,11.935512408337944,16288.958752747254,False,38.894000000000005,44.20818181818182,46.91378787878788,277320391.02,176086665.04999998,129358617.56969696,18962.463327047102,14521.65448141316,13187.312369253168,1206.5,1269.9,1204.4,1252.5,1247.9,215263.0,0.7343511450381666,0.3686192803910471,57.8214285714286,13.053104395604397,74.06,1252.5,1165.77,1425.96,23039.0,LARGE,4.616481323068151,False,RETAIL,CLEAN_RUNNER,42.6,2026-09-30
2026-09-30,STEELCAS,INE124E01038,NSE,377.2,48.15,30847416.0,63658356.75,169841,374.8114810322596,348.1555670430824,32.73096935825785,27.628430291516644,12267.943100790131,False,46.22,51.25090909090909,49.97363636363636,56451246.49,30105254.875,22046189.74242424,11225.169342261435,9618.991814653253,10129.675109955357,372.8,380.1,366.1,377.2,374.81,81780.0,0.7928571428571404,0.6376564125823769,18.724999999999998,32.73096935825785,22.02,377.2,341.2785784040178,449.04284319196427,3320.0,SMALLISH,4.964209968186638,False,RETAIL,CLEAN_RUNNER,41.7,2026-09-30
2026-09-30,MOTHERSON,INE775A01035,NSE,163.26,47.61,1189841981.9399998,2489471824.82,15307995,162.62559693937712,163.16149896246222,212.6582990664592,206.1477191687775,34583.682829795514,False,54.752,55.43818181818183,51.4459090909091,1257500217.7619998,1091244498.1872728,1280367101.3075757,43640.26093262591,33635.370867270445,32182.921571610117,160.35,164.1,160.35,163.26,162.63,7288019.0,0.7759999999999991,0.3873824017708971,3.9664285714285676,212.6582990664592,70.21,162.5,155.76286424909318,175.16,,UNKNOWN,2.4295164592849248,False,RETAIL,CLEAN_RUNNER,41.3,2026-09-30
2026-09-30,ANANTRAJ,INE242C01024,NSE,598.9,41.41,278265709.2,677159061.1,1122020,603.5178170620845,618.6761964705889,39.75692721989937,50.49271767166671,23994.01392884984,False,37.114,37.38227272727272,39.69560606060607,384571346.32,484732285.26590914,550543396.4318181,27963.868902576556,31238.642518570054,33248.48235047376,605.0,611.0,597.0,598.9,603.52,464628.0,0.1357142857142841,-0.7655090137857923,17.732142857142872,39.75692721989937,64.42,598.9,572.3,652.1,22508.0,LARGE,2.9607852491472486,False,RETAIL,GRIND_COMPOUNDER,40.1,2026-09-30
2026-09-30,KTKBANK,INE614B01018,NSE,329.0,49.84,164672396.0,329289007.15,1004306,327.877168064315,329.79612521855137,55.88170487424883,74.21594207271887,18322.335140774536,False,46.73199999999999,53.66272727272727,54.0539393939394,273404317.23999995,359108381.7090909,424984077.7151515,20125.930742531917,24476.13012502715,24778.517379250825,324.4,332.15,322.55,329.0,327.88,500524.0,0.6718750000000012,0.3415883859948732,10.710714285714285,55.88170487424883,65.55,329.0,312.93,361.13,12867.0,MID,3.255536257056014,False,RETAIL,CLEAN_RUNNER,39.6,2026-09-30
2026-09-30,HRS,INE1E1V01017,BSE,262.0,47.1,81639200.0,173163840.0,661600,261.73494558645706,258.1360697674419,3537.9679144385027,1124.90206947326,926009.8395721924,False,79.02799999999999,85.49636363636364,83.80242424242424,5765536.0,4987886.363636363,4865410.909090909,244521.40964360588,290377.79908708914,270132.3825419949,,,,,,,,,,3537.9679144385027,65.74,262.0,248.25,289.51,,UNKNOWN,,False,RETAIL,UNCLASSIFIED,39.0,2026-09-30
2026-09-30,HINDPETRO,INE094A01015,NSE,350.35,47.46,419145426.7000001,892988877.7,2520543,354.2843259170742,353.87927217817264,66.82245493107105,99.06737159794714,23674.14840137858,False,54.21,54.467272727272736,53.09484848484848,706866375.78,798040809.7659091,1130320563.746212,31943.270970281614,35057.88935768611,36955.05104465283,351.2,357.4,350.35,350.35,354.28,1196362.0,0.0,-1.109292085356206,8.671428571428569,66.82245493107105,63.62,350.35,337.34,376.36,75857.0,LARGE,2.4750759444636987,False,RETAIL,GRIND_COMPOUNDER,37.7,2026-09-30
2026-09-30,GVPIL,INE878A01011,NSE,678.4,46.77,83704384.0,184977430.45,263834,701.1129363539195,656.7745954143987,27.397092419522323,24.809640374887536,19208.455913811005,False,50.176,49.22181818181818,52.510454545454536,46623368.08,55671577.86818183,91584668.04621212,14324.844156166677,16294.341519593494,21069.916487375973,687.0,718.0,673.8,678.4,701.11,123385.0,0.10407239819004566,-3.239149348889625,29.021428571428583,27.397092419522323,18.6,678.4,634.87,765.46,4367.0,SMALLISH,4.2779228436657695,False,RETAIL,GRIND_COMPOUNDER,36.3,2026-09-30
2026-09-30,DECCANCE,INE583C01021,NSE,566.5,29.38,17117364.0,58327833.9,102837,567.187237083929,574.2388377859658,24.397864768683277,31.07543190318873,13838.157508896797,False,63.152,62.33,63.83060606060606,6119787.98,9645804.288636364,8212314.040151515,12323.787183192537,17844.719899784017,15771.217870079734,550.0,587.45,537.85,566.5,567.19,30216.0,0.5776209677419347,-0.12165235635326344,19.814285714285727,24.397864768683277,16.47,566.5,522.6566558829272,654.1866882341457,790.0,MICRO,3.497667381162529,False,RETAIL,UNCLASSIFIED,35.1,2026-09-30
2026-09-30,BLUESTARCO,INE472A01039,NSE,1518.0,45.57,425839986.0,935100431.4,615606,1518.9917437451877,1518.8212950049692,20.487420127795527,18.79294088987395,31120.222024760384,False,37.932,44.34272727272728,44.26469696969697,452298064.34,446577628.4863636,360711616.80757576,30391.816384152444,28543.11881931019,25526.30032673601,1525.0,1541.1,1502.1,1518.0,1518.99,280527.0,0.40769230769231,-0.06517488594395271,51.76428571428572,20.487420127795527,63.18,1518.0,1424.1428920200892,1705.714215959821,31620.0,LARGE,3.410031996988519,False,RETAIL,UNCLASSIFIED,34.2,2026-09-30
2026-09-30,SAMMAANCAP,INE148I01020,NSE,136.54,42.86,267736234.02,632876288.45,4575005,138.33346377763522,148.06162717591212,137.16099535302055,183.9347221156728,18973.95558237146,False,50.568,48.77045454545455,50.11333333333333,252333580.664,357548315.7936363,653009576.9003031,22415.1979717241,27233.67425059574,39191.512501115394,136.94,141.19,136.0,136.54,138.33,1960863.0,0.10404624277456499,-1.2940070845080753,3.675714285714282,137.16099535302055,45.17,136.54,131.03,147.57,18398.0,MID,2.6920421017388914,False,RETAIL,GRIND_COMPOUNDER,31.6,2026-09-30
2026-09-30,APOLLOTYRE,INE438A01022,NSE,404.7,38.93,107777275.8,277509572.45,684149,405.6273888436583,412.9266595861919,24.035588813940414,27.353486805072137,9749.493129918494,False,53.438,49.125,47.06242424242424,327294694.56000006,174724410.51363635,180284670.72954544,11886.096927020675,11294.983934453414,14674.567926795884,412.9,412.95,402.0,404.7,405.63,266314.0,0.24657534246575263,-0.2292729827675477,13.271428571428576,24.035588813940414,32.17,404.7,384.79,444.51,27281.0,LARGE,3.2793250732464974,False,RETAIL,GRIND_COMPOUNDER,30.5,2026-09-30
2026-09-30,THYROCARE,INE594H01019,NSE,534.15,49.31,62515847.7,127956573.1,237351,539.1027343470219,569.9194016389422,14.875344697919278,13.928647046546018,8019.339001002757,False,56.828,56.61318181818183,51.0919696969697,65304419.00999999,84059270.00454545,131552866.49772725,8639.715605294765,7938.206190407526,11001.040924131728,547.0,550.6,532.7,534.15,539.1,117038.0,0.08100558659217506,-0.9181969949916602,15.982142857142842,14.875344697919278,66.78,534.15,510.18,582.1,8939.0,MID,2.9920701782538317,False,RETAIL,GRIND_COMPOUNDER,28.8,2026-09-30
2026-09-30,ADANIENT,INE423A01024,NSE,2903.4,43.02,2077342052.4,4838753003.9,1663023,2909.6127978386344,2963.706144764981,23.80917134348872,25.56603322969538,69275.46964694765,False,43.926,43.712727272727264,40.96106060606061,2539041651.38,3354418251.190909,2290090976.204545,79029.40639821618,75770.20978011389,72702.41737469088,2910.0,2957.6,2880.0,2903.4,2909.61,715486.0,0.30154639175257886,-0.2134306659655416,91.79285714285717,23.80917134348872,43.32,2903.4,2765.71,3178.78,397638.0,LARGE,3.1615642743975054,False,RETAIL,GRIND_COMPOUNDER,28.4,2026-09-30
2026-09-30,OFSS,INE881D01027,NSE,10630.0,41.84,1213021190.0,2912479246.0,272759,10677.848378971912,11542.508442515664,6.16627481123118,6.568798372739835,65842.54749740018,False,33.334,42.11772727272728,39.84757575757576,747642398.2,1157884411.909091,1255163486.0530305,62261.7633680195,75820.4106745327,76987.45715744425,10525.0,10869.0,10500.0,10630.0,10677.85,114113.0,0.3523035230352303,-0.44812392007754775,398.7857142857143,6.16627481123118,62.64,10630.0,10031.82,11826.36,105005.0,LARGE,3.751511893562693,False,RETAIL,UNCLASSIFIED,27.6,2026-09-30
2026-09-30,UTIAMC,INE094J01016,NSE,882.4,44.28,19681932.0,44485465.2,50373,883.1212197010303,894.6761230969496,7.058007566204288,15.02770196327068,6233.076250525432,False,58.90999999999999,61.24136363636365,59.09818181818182,35352480.059999995,71717786.82045454,113919384.1719697,8216.14862956333,13444.92613155543,16025.693298816095,873.25,894.55,873.25,882.4,883.12,22305.0,0.42957746478873227,-0.08152912401485635,22.17500000000002,7.058007566204288,70.96,882.4,849.14,948.93,11533.0,MID,2.5130326382592947,False,RETAIL,UNCLASSIFIED,27.5,2026-09-30
2026-09-30,GESHIP,INE017A01032,NSE,1560.0,45.27,662564760.0,1467205374.0,938291,1563.6997200228927,1427.438973346003,15.12835767953307,18.760906434344857,23656.20866789204,False,45.03,51.22772727272727,48.07030303030303,730183537.5200001,691936127.1136363,526031528.3772726,27827.17671363795,26780.049019681643,23490.658275951377,1538.0,1583.0,1538.0,1560.0,1563.7,424721.0,0.4888888888888889,-0.23661827716313644,39.38571428571431,15.12835767953307,55.54,1560.0,1482.6428745814733,1714.7142508370537,21223.0,LARGE,2.524725274725276,False,RETAIL,UNCLASSIFIED,24.0,2026-09-30
2026-09-30,SUPREMEIND,INE195A01028,NSE,3451.0,47.4,228166316.0,487632633.1,139486,3495.9252763718223,3516.0532058969343,8.03444502044813,9.849354782545875,28087.819428604344,False,46.440000000000005,48.57454545454545,46.95015151515152,194346279.12,330236932.7772728,325215515.33636373,25328.90827084488,34630.85545918673,33265.28508253469,3462.0,3545.0,3446.1,3451.0,3495.93,66116.0,0.049544994944389145,-1.2852087999473683,95.25,8.03444502044813,45.44,3451.0,3308.12,3736.75,43888.0,LARGE,2.760069545059403,False,RETAIL,UNCLASSIFIED,15.5,2026-09-30
